223.09185791015625,-385.1426086425781
222.0918731689453,-385.1501159667969
221.09190368652344,-385.1576232910156
220.09193420410156,-385.1651306152344
219.0919647216797,-385.172607421875
218.0919952392578,-385.18011474609375
217.09202575683594,-385.1876220703125
216.092041015625,-385.19512939453125
215.09207153320312,-385.2026672363281
214.09210205078125,-385.2101745605469
213.0921173095703,-385.2176513671875
212.09214782714844,-385.22515869140625
211.09217834472656,-385.232666015625
210.0922088623047,-385.24017333984375
209.0922393798828,-385.2476806640625
208.09226989746094,-385.25518798828125
207.09228515625,-385.2626953125
206.09231567382812,-385.27020263671875
205.09234619140625,-385.2776794433594
204.09237670898438,-385.2851867675781
203.0924072265625,-385.2926940917969
202.09243774414062,-385.3002014160156
201.09246826171875,-385.3077087402344
200.0924835205078,-385.3152160644531
199.09251403808594,-385.3227233886719
198.09254455566406,-385.3302307128906
197.0925750732422,-385.33770751953125
196.0926055908203,-385.34521484375
195.09263610839844,-385.35272216796875
194.0926513671875,-385.3602294921875
193.09268188476562,-385.3677062988281
192.09271240234375,-385.3752136230469
191.09274291992188,-385.3827209472656
190.0927734375,-385.3902282714844
189.09280395507812,-385.3977355957031
188.09283447265625,-385.4052429199219
187.0928497314453,-385.4127197265625
186.09288024902344,-385.42022705078125
185.09291076660156,-385.427734375
184.0929412841797,-385.43524169921875
183.0929718017578,-385.4427490234375
182.09954833984375,-385.45074462890625
181.09959411621094,-385.4595031738281
180.09962463378906,-385.4682312011719
179.09967041015625,-385.47698974609375
178.09970092773438,-385.4857482910156
177.09974670410156,-385.4945068359375
176.0997772216797,-385.50323486328125
175.09982299804688,-385.5119934082031
174.099853515625,-385.520751953125
173.0998992919922,-385.5295104980469
172.0999298095703,-385.5382385253906
171.0999755859375,-385.5469970703125
170.10000610351562,-385.5557556152344
169.1000518798828,-385.56451416015625
168.10008239746094,-385.5732421875
167.10012817382812,-385.5820007324219
166.10015869140625,-385.59075927734375
165.10020446777344,-385.5995178222656
164.10023498535156,-385.6082458496094
163.10028076171875,-385.61700439453125
162.10031127929688,-385.6257629394531
161.10035705566406,-385.634521484375
160.0860595703125,-385.64288330078125
159.05331420898438,-385.6461181640625
158.02053833007812,-385.6429443359375
156.98782348632812,-385.6333312988281
155.95516967773438,-385.61724853515625
154.9226531982422,-385.5947265625
153.89028930664062,-385.5657653808594
152.85813903808594,-385.5303039550781
151.8262176513672,-385.48846435546875
150.79458618164062,-385.440185546875
149.7632598876953,-385.3854675292969
148.73231506347656,-385.32427978515625
147.70176696777344,-385.2566833496094
146.67166137695312,-385.1826477050781
145.64202880859375,-385.1021728515625
144.61293029785156,-385.01531982421875
143.5843963623047,-384.9220275878906
142.5564422607422,-384.82232666015625
141.52914428710938,-384.7161865234375
140.5025177001953,-384.6036376953125
139.4766387939453,-384.4846496582031
138.45152282714844,-384.35931396484375
137.42718505859375,-384.2275695800781
136.40370178222656,-384.0894470214844
135.381103515625,-383.9449157714844
134.3594207763672,-383.7940368652344
133.3386993408203,-383.6367492675781
132.31898498535156,-383.4731140136719
131.30029296875,-383.3031005859375
130.28269958496094,-383.1267395019531
129.26622009277344,-382.94403076171875
128.25091552734375,-382.7549743652344
127.2367935180664,-382.5596008300781
126.22393035888672,-382.3578796386719
125.21232604980469,-382.1498718261719
124.20204162597656,-381.935546875
123.19312286376953,-381.71490478515625
122.18559265136719,-381.48797607421875
121.17950439453125,-381.2547912597656
120.17489624023438,-381.0152893066406
119.17179107666016,-380.76953125
118.17023468017578,-380.51751708984375
117.1702880859375,-380.25927734375
116.17195892333984,-379.9947814941406
115.17530822753906,-379.7240905761719
114.18036651611328,-379.4471130371094
113.18717193603516,-379.1640319824219
112.19575500488281,-378.87469482421875
111.20616149902344,-378.5791931152344
110.21846008300781,-378.2774963378906
109.23263549804688,-377.96966552734375
108.2487564086914,-377.6556701660156
107.26685333251953,-377.3355712890625
106.28697204589844,-377.0093078613281
105.30913543701172,-376.6769714355469
104.33340454101562,-376.3385009765625
103.35981750488281,-375.9939880371094
102.38838195800781,-375.6434020996094
101.41915130615234,-375.2867431640625
100.45216369628906,-374.92401123046875
99.48746490478516,-374.5552978515625
98.52507781982422,-374.1805419921875
97.5650634765625,-373.7998046875
96.60743713378906,-373.4130859375
95.6522445678711,-373.0203857421875
94.69951629638672,-372.6217346191406
93.74930572509766,-372.2171936035156
92.80162048339844,-371.806640625
91.85652923583984,-371.3902282714844
90.91405487060547,-370.96795654296875
89.97422790527344,-370.5397644042969
89.037109375,-370.105712890625
88.10269165039062,-369.66583251953125
87.17105865478516,-369.2201232910156
86.24221801757812,-368.7686462402344
85.31620788574219,-368.31134033203125
84.39307403564453,-367.8482971191406
83.47285461425781,-367.37945556640625
82.55558013916016,-366.9048767089844
81.64128112792969,-366.42462158203125
80.72998809814453,-365.93865966796875
79.8217544555664,-365.447021484375
78.91659545898438,-364.94976806640625
78.01457214355469,-364.44677734375
77.1156997680664,-363.938232421875
76.22002410888672,-363.4240417480469
75.32757568359375,-362.904296875
74.43838500976562,-362.3789978027344
73.552490234375,-361.84814453125
72.66992950439453,-361.3117980957031
71.79071807861328,-360.76995849609375
70.9149169921875,-360.2226257324219
70.04254913330078,-359.6697998046875
69.17365264892578,-359.1116027832031
68.3082504272461,-358.5479736328125
67.4463882446289,-357.97894287109375
66.58808898925781,-357.404541015625
65.73339080810547,-356.82476806640625
64.88233184814453,-356.2397155761719
64.03494262695312,-355.64935302734375
63.19124984741211,-355.0537109375
62.351295471191406,-354.45281982421875
61.515098571777344,-353.8466796875
60.682716369628906,-353.2353820800781
59.854148864746094,-352.61883544921875
59.02945327758789,-351.9971618652344
58.208656311035156,-351.3703308105469
57.39178466796875,-350.7384338378906
56.57887649536133,-350.1014404296875
55.769954681396484,-349.4593811035156
54.965057373046875,-348.812255859375
54.164215087890625,-348.16015625
53.367462158203125,-347.5030517578125
52.5748176574707,-346.8409729003906
51.78632736206055,-346.1739807128906
51.002010345458984,-345.5021057128906
50.22190475463867,-344.8252868652344
49.44603729248047,-344.1436462402344
48.6744384765625,-343.4571838378906
47.90714645385742,-342.7658996582031
47.1441764831543,-342.06982421875
46.38557434082031,-341.3690490722656
45.63134765625,-340.66351318359375
44.88154983520508,-339.9532775878906
44.136199951171875,-339.23846435546875
43.39531707763672,-338.5189514160156
42.658939361572266,-337.7947998046875
41.927101135253906,-337.0661315917969
41.199825286865234,-336.33282470703125
40.477134704589844,-335.5950622558594
39.759071350097656,-334.8527526855469
39.045650482177734,-334.10601806640625
38.33690643310547,-333.3548278808594
37.63285827636719,-332.5992431640625
36.93354797363281,-331.8392333984375
36.23898696899414,-331.0749206542969
35.549217224121094,-330.3063049316406
34.864253997802734,-329.5333251953125
34.18413162231445,-328.75616455078125
33.50886917114258,-327.9747619628906
32.838497161865234,-327.1890869140625
32.173038482666016,-326.3993225097656
31.512531280517578,-325.6053771972656
30.85698127746582,-324.80731201171875
30.20642852783203,-324.0052490234375
29.56089973449707,-323.1990966796875
28.92041015625,-322.3888854980469
28.284992218017578,-321.5747375488281
27.654664993286133,-320.75665283203125
27.029457092285156,-319.9346008300781
26.409391403198242,-319.10870361328125
25.794498443603516,-318.2789306640625
25.184791564941406,-317.44537353515625
24.58030128479004,-316.6080017089844
23.981040954589844,-315.7668762207031
23.387046813964844,-314.9220275878906
22.7983455657959,-314.0734558105469
22.214941024780273,-313.22125244140625
21.636877059936523,-312.36541748046875
21.06415557861328,-311.5060119628906
20.496809005737305,-310.6430358886719
19.934865951538086,-309.77655029296875
19.378345489501953,-308.90655517578125
18.827245712280273,-308.0330810546875
18.28162956237793,-307.15625
17.74148178100586,-306.2759704589844
17.206850051879883,-305.392333984375
16.677732467651367,-304.50543212890625
16.154178619384766,-303.6152038574219
15.636173248291016,-302.72174072265625
15.123760223388672,-301.8250732421875
14.616958618164062,-300.92523193359375
14.115781784057617,-300.022216796875
13.620245933532715,-299.1160888671875
13.13037109375,-298.2069091796875
12.646196365356445,-297.2946472167969
12.167713165283203,-296.37939453125
11.694934844970703,-295.4612121582031
11.22790813446045,-294.5400695800781
10.766648292541504,-293.6160583496094
10.311172485351562,-292.68914794921875
9.861479759216309,-291.7593994140625
9.417588233947754,-290.826904296875
8.979541778564453,-289.89166259765625
8.547340393066406,-288.95367431640625
8.120986938476562,-288.01300048828125
7.700527191162109,-287.0697326660156
7.285961151123047,-286.1238098144531
6.877305030822754,-285.17535400390625
6.474574089050293,-284.2243347167969
6.077783584594727,-283.2708435058594
5.6869659423828125,-282.3148498535156
5.302105903625488,-281.3564758300781
4.923248291015625,-280.395751953125
4.550380706787109,-279.4326171875
4.183547019958496,-278.4671936035156
3.822734832763672,-277.49951171875
3.467972755432129,-276.52960205078125
3.1192626953125,-275.5574645996094
2.7766361236572266,-274.58319091796875
2.440092086791992,-273.6068115234375
2.1096601486206055,-272.6283264160156
1.7853307723999023,-271.6478271484375
1.4671287536621094,-270.665283203125
1.1550731658935547,-269.6808166503906
0.8491487503051758,-268.6943664550781
0.5494012832641602,-267.7060852050781
0.2558307647705078,-266.7159118652344
-0.031561851501464844,-265.7239074707031
-0.3127460479736328,-264.73016357421875
-0.5877361297607422,-263.7347106933594
-0.8565025329589844,-262.7375183105469
-1.1190433502197266,-261.73870849609375
-1.3753437995910645,-260.73822021484375
-1.6253886222839355,-259.7362060546875
-1.8691773414611816,-258.73260498046875
-2.10670804977417,-257.7275085449219
-2.3379526138305664,-256.72100830078125
-2.5629096031188965,-255.7130126953125
-2.7815628051757812,-254.7036590576172
-2.9939279556274414,-253.69297790527344
-3.1999731063842773,-252.68096923828125
-3.399700164794922,-251.66770935058594
-3.5930919647216797,-250.6531982421875
-3.7801637649536133,-249.6375274658203
-3.960886001586914,-248.6206817626953
-4.135256290435791,-247.60275268554688
-4.303260803222656,-246.58375549316406
-4.4649152755737305,-245.56370544433594
-4.620201110839844,-244.54269409179688
-4.769105911254883,-243.5207061767578
-4.911628723144531,-242.49783325195312
-5.047768592834473,-241.4740753173828
-5.1775102615356445,-240.44949340820312
-5.300854682922363,-239.42410278320312
-5.417800426483154,-238.3979949951172
-5.528332710266113,-237.37115478515625
-5.632466793060303,-236.34365844726562
-5.730186939239502,-235.31552124023438
-5.821476459503174,-234.28680419921875
-5.906337738037109,-233.25753784179688
-5.984785079956055,-232.22775268554688
-6.056802749633789,-231.19749450683594
-6.122391223907471,-230.16680908203125
-6.181549549102783,-229.1357421875
-6.234262466430664,-228.10433959960938
-6.280546188354492,-227.07261657714844
-6.320384502410889,-226.0406036376953
-6.353776931762695,-225.0083770751953
-6.380724906921387,-223.97596740722656
-6.401226997375488,-222.9434051513672
-6.415299415588379,-221.91073608398438
-6.422910690307617,-220.8780059814453
-6.4240922927856445,-219.84524536132812
-6.420430660247803,-218.8350830078125
-6.416505813598633,-217.8350830078125
-6.412581443786621,-216.83509826660156
-6.408657073974609,-215.83509826660156
-6.4047322273254395,-214.83511352539062
-6.400807857513428,-213.83511352539062
-6.396883010864258,-212.8351287841797
-6.392958641052246,-211.8351287841797
-6.389034271240234,-210.83514404296875
-6.3851094245910645,-209.83514404296875
-6.381185054779053,-208.8351593017578
-6.377260208129883,-207.8351593017578
-6.373335838317871,-206.83517456054688
-6.369411468505859,-205.83517456054688
-6.3654866218566895,-204.83518981933594
-6.361562252044678,-203.83518981933594
-6.357637405395508,-202.835205078125
-6.353713035583496,-201.835205078125
-6.349788665771484,-200.83522033691406
-6.3458638191223145,-199.83522033691406
-6.341939449310303,-198.83523559570312
-6.338014602661133,-197.83523559570312
-6.334090232849121,-196.8352508544922
-6.330165863037109,-195.8352508544922
-6.3262410163879395,-194.83526611328125
-6.322316646575928,-193.83526611328125
-6.318391799926758,-192.8352813720703
-6.314467430114746,-191.8352813720703
-6.310543060302734,-190.83529663085938
-6.3066182136535645,-189.83529663085938
-6.302693843841553,-188.83531188964844
-6.298768997192383,-187.83531188964844
-6.294844627380371,-186.8353271484375
-6.290920257568359,-185.8353271484375
-6.2869954109191895,-184.83534240722656
-6.283071041107178,-183.83534240722656
-6.279146194458008,-182.83534240722656
-6.275221824645996,-181.83534240722656
-6.271297454833984,-180.83535766601562
-6.2673726081848145,-179.83535766601562
-6.263448238372803,-178.83535766601562
-6.259523868560791,-177.8353729248047
-6.255599021911621,-176.8353729248047
-6.251674652099609,-175.83538818359375
-6.247750282287598,-174.83538818359375
-6.243825435638428,-173.8354034423828
-6.239901065826416,-172.8354034423828
-6.235976219177246,-171.83541870117188
-6.232051849365234,-170.83541870117188
-6.228127479553223,-169.83543395996094
-6.224202632904053,-168.83543395996094
-6.220278263092041,-167.83544921875
-6.216353416442871,-166.83544921875
-6.212429046630859,-165.83546447753906
-6.208504676818848,-164.83547973632812
-6.204579830169678,-163.83547973632812
-6.200655460357666,-162.8354949951172
-6.196730613708496,-161.8354949951172
-6.192806243896484,-160.8355255126953
-6.188881874084473,-159.83554077148438
-6.184957027435303,-158.83554077148438
-6.181032657623291,-157.83554077148438
-6.177107810974121,-156.83555603027344
-6.173183441162109,-155.8355712890625
-6.169259071350098,-154.8355712890625
-6.165334224700928,-153.8355712890625
-6.161409854888916,-152.83558654785156
-6.157485008239746,-151.83560180664062
-6.153560638427734,-150.83560180664062
-6.149636268615723,-149.83560180664062
-6.145711421966553,-148.8356170654297
-6.141787052154541,-147.83563232421875
-6.137862205505371,-146.83563232421875
-6.133937835693359,-145.83563232421875
-6.130013465881348,-144.8356475830078
-6.126088619232178,-143.83566284179688
-6.122164249420166,-142.83566284179688
-6.118239402770996,-141.83566284179688
-6.114315032958984,-140.83567810058594
-6.110390663146973,-139.835693359375
-6.106465816497803,-138.835693359375
-6.102541446685791,-137.835693359375
-6.098616600036621,-136.83570861816406
-6.094692230224609,-135.83572387695312
-6.090767860412598,-134.83572387695312
-6.086843013763428,-133.83572387695312
-6.082918643951416,-132.8357391357422
-6.078993797302246,-131.83575439453125
-6.075069427490234,-130.83575439453125
-6.071145057678223,-129.8357696533203
-6.067220211029053,-128.8357696533203
-6.063295841217041,-127.83576965332031
-6.059370994567871,-126.83577728271484
-6.055446624755859,-125.83578491210938
-6.051522254943848,-124.8357925415039
-6.047597408294678,-123.83580017089844
-6.043673038482666,-122.83580780029297
-6.039748191833496,-121.8358154296875
-6.035823822021484,-120.83582305908203
-6.031899452209473,-119.83583068847656
-6.027975082397461,-118.8358383178711
-6.024050235748291,-117.83584594726562
-6.020125389099121,-116.83585357666016
-6.016201019287109,-115.83586120605469
-6.012276649475098,-114.83586883544922
-6.008352279663086,-113.83587646484375
-6.004427433013916,-112.83588409423828
-6.000502586364746,-111.83589172363281
-5.996578216552734,-110.83589935302734
-5.992653846740723,-109.83590698242188
-5.988729476928711,-108.8359146118164
-5.984804630279541,-107.83592224121094
-5.980879783630371,-106.83592987060547
-5.976955413818359,-105.8359375
-5.973031044006348,-104.83594512939453
-5.969106674194336,-103.8359603881836
-5.965181827545166,-102.8359603881836
-5.961256980895996,-101.83597564697266
-5.957332611083984,-100.83597564697266
-5.953408241271973,-99.83599090576172
-5.949483871459961,-98.83599853515625
-5.945559024810791,-97.83599853515625
-5.941634178161621,-96.83600616455078
-5.937709808349609,-95.83601379394531
-5.933785438537598,-94.83602142333984
-5.929861068725586,-93.8360366821289
-5.925936222076416,-92.8360366821289
-5.922011852264404,-91.83605194091797
-5.918087005615234,-90.83605194091797
-5.914162635803223,-89.83606719970703
-5.910238265991211,-88.83606719970703
-5.906313419342041,-87.8360824584961
-5.902389049530029,-86.8360824584961
-5.898464202880859,-85.83609771728516
-5.894539833068848,-84.83609771728516
-5.890615463256836,-83.83611297607422
-5.886690616607666,-82.83611297607422
-5.882766246795654,-81.83612823486328
-5.878841400146484,-80.83612823486328
-5.874917030334473,-79.83614349365234
-5.870992660522461,-78.83614349365234
-5.867067813873291,-77.8361587524414
-5.863143444061279,-76.8361587524414
-5.859218597412109,-75.83617401123047
-5.855294227600098,-74.83617401123047
-5.851369857788086,-73.83618927001953
-5.847445011138916,-72.83618927001953
-5.843520641326904,-71.8362045288086
-5.839595794677734,-70.8362045288086
-5.835671424865723,-69.83621978759766
-5.831747055053711,-68.83621978759766
-5.827822208404541,-67.83623504638672
-5.823897838592529,-66.83623504638672
-5.819972991943359,-65.83625030517578
-5.816048622131348,-64.83625030517578
-5.812124252319336,-63.836265563964844
-5.808199405670166,-62.836273193359375
-5.804275035858154,-61.836280822753906
-5.800350189208984,-60.83628845214844
-5.796425819396973,-59.83629608154297
-5.792501449584961,-58.8363037109375
-5.788576602935791,-57.83631134033203
-5.784652233123779,-56.83631896972656
-5.780727386474609,-55.836326599121094
-5.776803016662598,-54.836334228515625
-5.772878646850586,-53.836341857910156
-5.768953800201416,-52.83634948730469
-5.765029430389404,-51.83635711669922
-5.761104583740234,-50.83636474609375
-5.757180213928223,-49.83637237548828
-5.753255844116211,-48.83638000488281
-5.749331474304199,-47.836387634277344
-5.745406627655029,-46.83639907836914
-5.741481781005859,-45.83640670776367
-5.737557411193848,-44.8364143371582
-5.733633041381836,-43.836421966552734
-5.729708671569824,-42.836429595947266
-5.725783824920654,-41.8364372253418
-5.721858978271484,-40.83644485473633
-5.717934608459473,-39.83645248413086
-5.714010238647461,-38.83646011352539
-5.710085868835449,-37.83646774291992
-5.706161022186279,-36.83647537231445
-5.702236175537109,-35.836483001708984
-5.698311805725098,-34.836490631103516
-5.694387435913086,-33.83649826049805
-5.690463066101074,-32.83650588989258
-5.686538219451904,-31.83651351928711
-5.682613372802734,-30.83652114868164
-5.678689002990723,-29.836528778076172
-5.674764633178711,-28.836536407470703
-5.670840263366699,-27.836544036865234
-5.666915416717529,-26.836551666259766
-5.662990570068359,-25.836559295654297
-5.659066200256348,-24.836566925048828
-5.655141830444336,-23.83657455444336
-5.651217460632324,-22.83658218383789
-5.647292613983154,-21.836589813232422
-5.643367767333984,-20.836597442626953
-5.639443397521973,-19.836605072021484
-5.635519027709961,-18.836612701416016
-5.631594657897949,-17.836620330810547
-5.627669811248779,-16.836627960205078
-5.623744964599609,-15.836634635925293
-5.619820594787598,-14.836642265319824
-5.615896224975586,-13.836649894714355
-5.611971855163574,-12.836657524108887
-5.608047008514404,-11.836665153503418
-5.604122638702393,-10.836674690246582
-5.600197792053223,-9.836682319641113
-5.596273422241211,-8.836689949035645
-5.592349052429199,-7.836698055267334
-5.588424205780029,-6.836705684661865
-5.584499835968018,-5.8367133140563965
-5.580574989318848,-4.836720943450928
-5.576650619506836,-3.83672833442688
-5.572726249694824,-2.836735963821411
-5.568801403045654,-1.836743712425232
-5.564877033233643,-0.836751401424408
-5.560952186584473,0.16324099898338318
-5.557027816772461,1.1632333993911743
-5.553103446960449,2.1632258892059326
-5.549178600311279,3.1632163524627686
-5.545254230499268,4.163208484649658
-5.541329383850098,5.163201808929443
-5.537405014038086,6.163194179534912
-5.533480644226074,7.163186550140381
-5.529555797576904,8.163179397583008
-5.525631427764893,9.163171768188477
-5.521706581115723,10.163163185119629
-5.517782211303711,11.163155555725098
-5.513857841491699,12.163147926330566
-5.509932994842529,13.163140296936035
-5.506008625030518,14.163132667541504
-5.502083778381348,15.163125038146973
-5.498159408569336,16.163116455078125
-5.494235038757324,17.163108825683594
-5.4903106689453125,18.163101196289062
-5.486385822296143,19.16309356689453
-5.482460975646973,20.1630859375
-5.4781036376953125,21.168968200683594
-5.473057746887207,22.168956756591797
-5.468011379241943,23.1689453125
-5.46296501159668,24.168930053710938
-5.457919120788574,25.16891860961914
-5.452872276306152,26.168907165527344
-5.447826385498047,27.16889190673828
-5.442780017852783,28.168880462646484
-5.4377336502075195,29.168869018554688
-5.432687759399414,30.168853759765625
-5.42764139175415,31.168842315673828
-5.422595024108887,32.16883087158203
-5.417548656463623,33.16881561279297
-5.412502288818359,34.16880416870117
-5.407456398010254,35.16878890991211
-5.40241003036499,36.16878128051758
-5.397363662719727,37.168766021728516
-5.392317771911621,38.16875076293945
-5.387270927429199,39.16874313354492
-5.382225036621094,40.16872787475586
-5.37717866897583,41.1687126159668
-5.372132301330566,42.168704986572266
-5.367086410522461,43.1686897277832
-5.362040042877197,44.16867446899414
-5.356993675231934,45.16866683959961
-5.35194730758667,46.16865158081055
-5.346900939941406,47.168636322021484
-5.341855049133301,48.16862869262695
-5.336808681488037,49.16861343383789
-5.331762313842773,50.168601989746094
-5.326716423034668,51.16858673095703
-5.321669578552246,52.168575286865234
-5.316623687744141,53.16856002807617
-5.311577320098877,54.168548583984375
-5.306530952453613,55.16853713989258
-5.301485061645508,56.168521881103516
-5.296438694000244,57.16851043701172
-5.2913923263549805,58.16849899291992
-5.286346435546875,59.168487548828125
-5.281299591064453,60.16847229003906
-5.276253700256348,61.168460845947266
-5.271207332611084,62.16844940185547
-5.26616096496582,63.168434143066406
-5.261115074157715,64.16841888427734
-5.256068229675293,65.16840362548828
-5.2510223388671875,66.16838836669922
-5.245975971221924,67.16837310791016
-5.24092960357666,68.16836547851562
-5.235883712768555,69.1683578491211
-5.230837345123291,70.16834259033203
-5.225790977478027,71.16832733154297
-5.220744609832764,72.16831970214844
-5.2156982421875,73.16830444335938
-5.2106523513793945,74.16828918457031
-5.205605983734131,75.16828155517578
-5.200559616088867,76.16826629638672
-5.195513725280762,77.16825103759766
-5.19046688079834,78.16824340820312
-5.185420989990234,79.16822814941406
-5.180374622344971,80.168212890625
-5.175328254699707,81.16820526123047
-5.170282363891602,82.1681900024414
-5.165235996246338,83.16818237304688
-5.160189628601074,84.16816711425781
-5.155143737792969,85.16815185546875
-5.150096893310547,86.16813659667969
-5.145051002502441,87.16812133789062
-5.140004634857178,88.1681137084961
-5.134958267211914,89.16810607910156
-5.129912376403809,90.1680908203125
-5.124865531921387,91.16807556152344
-5.119819641113281,92.16806030273438
-5.114773273468018,93.16804504394531
-5.109726905822754,94.16803741455078
-5.104681015014648,95.16802978515625
-5.099634647369385,96.16801452636719
-5.094588279724121,97.16799926757812
-5.089542388916016,98.16798400878906
-5.084495544433594,99.16796875
-5.079449653625488,100.16796112060547
-5.074403285980225,101.16795349121094
-5.069356918334961,102.16793823242188
-5.0643110275268555,103.16792297363281
-5.059264659881592,104.16790771484375
-5.054218292236328,105.16789245605469
-5.0491719245910645,106.16788482666016
-5.044125556945801,107.16787719726562
-5.039079666137695,108.16786193847656
-5.034033298492432,109.1678466796875
-5.028986930847168,110.16783142089844
-5.0239410400390625,111.1678237915039
-5.018894195556641,112.16780853271484
-5.013848304748535,113.16779327392578
-5.0088019371032715,114.16778564453125
-5.003755569458008,115.16777038574219
-4.998709678649902,116.16775512695312
-4.993663311004639,117.1677474975586
-4.988616943359375,118.16773223876953
-4.983570575714111,119.16771697998047
-4.978524208068848,120.16770935058594
-4.973478317260742,121.16769409179688
-4.9684319496154785,122.16767883300781
-4.963385581970215,123.16767120361328
-4.958339691162109,124.16765594482422
-4.9532928466796875,125.16764068603516
-4.948246955871582,126.16763305664062
-4.943200588226318,127.16761779785156
-4.938154220581055,128.16761779785156
-4.933108329772949,129.1676025390625
-4.9280619621276855,130.16758728027344
-4.923015594482422,131.16758728027344
-4.917969226837158,132.16757202148438
-4.9129228591918945,133.1675567626953
-4.907876968383789,134.16754150390625
-4.902830600738525,135.1675262451172
-4.897784233093262,136.1675262451172
-4.892738342285156,137.16751098632812
-4.887691497802734,138.16749572753906
-4.882645606994629,139.16748046875
-4.877599239349365,140.16746520996094
-4.872552871704102,141.16744995117188
-4.867506980895996,142.1674346923828
-4.862460613250732,143.1674346923828
-4.857414245605469,144.1674041748047
-4.852368354797363,145.1674041748047
-4.847321510314941,146.16738891601562
-4.842275619506836,147.16737365722656
-4.837229251861572,148.1673583984375
-4.832182884216309,149.16734313964844
-4.827136993408203,150.16734313964844
-4.8220906257629395,151.1673126220703
-4.817044258117676,152.1673126220703
-4.811997890472412,153.16729736328125
-4.806951522827148,154.1672821044922
-4.801905632019043,155.1672821044922
-4.796859264373779,156.16725158691406
-4.791812896728516,157.16725158691406
-4.78676700592041,158.167236328125
-4.781720161437988,159.16722106933594
-4.776674270629883,160.16720581054688
-4.771627902984619,161.1671905517578
-4.7665815353393555,162.1671905517578
-4.76153564453125,163.16717529296875
-4.756489276885986,164.1671600341797
-4.751442909240723,165.16714477539062
-4.746396541595459,166.16712951660156
-4.741350173950195,167.1671142578125
-4.73630428314209,168.16709899902344
-4.731257915496826,169.16709899902344
-4.7262115478515625,170.16708374023438
-4.721165657043457,171.1670684814453
-4.716119289398193,172.16705322265625
-4.71107292175293,173.1670379638672
-4.706026554107666,174.1670379638672
-4.700980186462402,175.16702270507812
-4.695934295654297,176.16700744628906
-4.690887928009033,177.1669921875
-4.6858415603637695,178.16697692871094
-4.680795192718506,179.16696166992188
-4.675748825073242,180.1669464111328
-4.670702934265137,181.1669464111328
-4.665656566619873,182.16693115234375
-4.660610198974609,183.1669158935547
-4.655564308166504,184.16690063476562
-4.65051794052124,185.16688537597656
-4.645471572875977,186.16688537597656
-4.640425205230713,187.1668701171875
-4.635378837585449,188.16685485839844
-4.630332946777344,189.16683959960938
-4.62528657913208,190.1668243408203
-4.620240211486816,191.16680908203125
-4.615193843841553,192.1667938232422
-4.610147476196289,193.1667938232422
-4.605101585388184,194.16677856445312
-4.60005521774292,195.16676330566406
-4.595008850097656,196.166748046875
-4.589962959289551,197.16673278808594
-4.584916591644287,198.16673278808594
-4.579870223999023,199.16671752929688
-4.57482385635376,200.1667022705078
-4.569777488708496,201.16668701171875
-4.564731597900391,202.1666717529297
-4.559685230255127,203.16665649414062
-4.554638862609863,204.16664123535156
-4.5495924949646,205.16664123535156
-4.544546604156494,206.1666259765625
-4.5395002365112305,207.16661071777344
-4.534453868865967,208.16659545898438
-4.529407501220703,209.1665802001953
-4.524361610412598,210.16656494140625
-4.519315242767334,211.16656494140625
-4.51426887512207,212.1665496826172
-4.509222507476807,213.16653442382812
-4.504176139831543,214.16651916503906
-4.4991302490234375,215.16650390625
-4.494083881378174,216.16648864746094
-4.48903751373291,217.16648864746094
-4.4839911460876465,218.16647338867188
-4.478945255279541,219.1664581298828
-4.474032878875732,220.16104125976562
-4.472561836242676,221.13462829589844
-4.475994110107422,222.10824584960938
-4.484328269958496,223.08180236816406
-4.497549533843994,224.05531311035156
-4.515673637390137,225.02874755859375
-4.5386857986450195,226.00205993652344
-4.566585540771484,226.9752655029297
-4.599387168884277,227.9483184814453
-4.637076377868652,228.9211883544922
-4.67966890335083,229.89385986328125
-4.72714900970459,230.86630249023438
-4.779501438140869,231.83848571777344
-4.836756706237793,232.8104248046875
-4.898899555206299,233.7820281982422
-4.965914726257324,234.75332641601562
-5.037817001342773,235.72425842285156
-5.114607810974121,236.69482421875
-5.196270942687988,237.6649932861328
-5.282822132110596,238.63473510742188
-5.37423038482666,239.6040496826172
-5.470527648925781,240.5728759765625
-5.571681499481201,241.5412139892578
-5.677709102630615,242.50900268554688
-5.788608551025391,243.47628784179688
-5.904366493225098,244.44297790527344
-6.024982929229736,245.40908813476562
-6.1504411697387695,246.37454223632812
-6.280773162841797,247.33938598632812
-6.415946960449219,248.3035430908203
-6.555965423583984,249.2670440673828
-6.7008256912231445,250.2298126220703
-6.850529670715332,251.19183349609375
-7.005076885223389,252.15309143066406
-7.164436340332031,253.11354064941406
-7.328639030456543,254.0731964111328
-7.497655868530273,255.03204345703125
-7.671501159667969,255.98997497558594
-7.850144386291504,256.9470520019531
-8.033615112304688,257.9031982421875
-8.221885681152344,258.85845947265625
-8.414953231811523,259.8127136230469
-8.612820625305176,260.7659606933594
-8.815470695495605,261.71826171875
-9.022919654846191,262.66949462890625
-9.235136985778809,263.61968994140625
-9.452138900756836,264.5688171386719
-9.673909187316895,265.51678466796875
-9.900432586669922,266.46368408203125
-10.131725311279297,267.4093933105469
-10.367773056030273,268.3539733886719
-10.608558654785156,269.2973327636719
-10.854083061218262,270.2394714355469
-11.104347229003906,271.18035888671875
-11.359334945678711,272.1199645996094
-11.619047164916992,273.05828857421875
-11.88348388671875,273.9952697753906
-12.15261459350586,274.93096923828125
-12.4264554977417,275.865234375
-12.704975128173828,276.7981872558594
-12.988204956054688,277.7296142578125
-13.27609920501709,278.6596984863281
-13.568672180175781,279.5882873535156
-13.865910530090332,280.5154113769531
-14.16779899597168,281.4410400390625
-14.47435188293457,282.3651123046875
-14.78552532196045,283.2876281738281
-15.101348876953125,284.2085876464844
-15.421808242797852,285.1279296875
-15.746871948242188,286.0456848144531
-16.076555252075195,286.9617919921875
-16.410829544067383,287.87615966796875
-16.749710083007812,288.7889099121094
-17.09316635131836,289.69989013671875
-17.44119644165039,290.60919189453125
-17.793804168701172,291.5167236328125
-18.150970458984375,292.4223937988281
-18.512683868408203,293.3263244628906
-18.878929138183594,294.2283935546875
-19.249719619750977,295.1286315917969
-19.62502670288086,296.0270080566406
-20.004833221435547,296.9234313964844
-20.389158248901367,297.8179931640625
-20.777969360351562,298.7106018066406
-21.171266555786133,299.6011962890625
-21.569034576416016,300.48980712890625
-21.971275329589844,301.37646484375
-22.377958297729492,302.2611083984375
-22.789081573486328,303.1435852050781
-23.204648971557617,304.0240783691406
-23.62462615966797,304.90240478515625
-24.049034118652344,305.7786560058594
-24.477821350097656,306.6527404785156
-24.911006927490234,307.524658203125
-25.348575592041016,308.3943786621094
-25.790512084960938,309.2619323730469
-26.236801147460938,310.127197265625
-26.68742561340332,310.990234375
-27.142391204833984,311.85101318359375
-27.6016788482666,312.70947265625
-28.065288543701172,313.5655822753906
-28.533178329467773,314.4194030761719
-29.0053768157959,315.27081298828125
-29.481836318969727,316.119873046875
-29.962562561035156,316.9665222167969
-30.44753646850586,317.81072998046875
-30.936744689941406,318.6524658203125
-31.43018341064453,319.4917907714844
-31.927845001220703,320.3285827636719
-32.42969512939453,321.1628723144531
-32.93574905395508,321.99462890625
-33.445960998535156,322.8238220214844
-33.960350036621094,323.65045166015625
-34.4788818359375,324.4744873046875
-35.001548767089844,325.2958984375
-35.52833938598633,326.1146545410156
-36.05924987792969,326.9307861328125
-36.59425735473633,327.74420166015625
-37.133338928222656,328.5549621582031
-37.676483154296875,329.3629455566406
-38.22370529174805,330.168212890625
-38.77495193481445,330.97076416015625
-39.330238342285156,331.77044677734375
-39.889522552490234,332.5673828125
-40.452816009521484,333.3614807128906
-41.02010726928711,334.15277099609375
-41.59135055541992,334.941162109375
-42.16655731201172,335.7266540527344
-42.74571990966797,336.5092468261719
-43.32880401611328,337.2889709472656
-43.91579055786133,338.0657043457031
-44.50668716430664,338.8395080566406
-45.101463317871094,339.6103210449219
-45.700096130371094,340.37811279296875
-46.30259704589844,341.1429138183594
-46.90892791748047,341.9046630859375
-47.519081115722656,342.6633605957031
-48.13304901123047,343.4189453125
-48.75080490112305,344.1714782714844
-49.37233352661133,344.9208679199219
-49.997623443603516,345.6671142578125
-50.62665557861328,346.4102478027344
-51.25941467285156,347.150146484375
-51.895904541015625,347.8869323730469
-52.53607940673828,348.6204528808594
-53.17992401123047,349.35076904296875
-53.827449798583984,350.07781982421875
-54.47860336303711,350.8016357421875
-55.13340759277344,351.52215576171875
-55.791812896728516,352.2393493652344
-56.45382308959961,352.9532470703125
-57.119415283203125,353.6637878417969
-57.78857421875,354.3710021972656
-58.461265563964844,355.0747985839844
-59.13750076293945,355.7752380371094
-59.8172492980957,356.4722900390625
-60.50048828125,357.1658935546875
-61.18720626831055,357.85601806640625
-61.877403259277344,358.542724609375
-62.57102966308594,359.2259521484375
-63.26807403564453,359.9056396484375
-63.96854782104492,360.5818786621094
-64.67239379882812,361.2545471191406
-65.37962341308594,361.9236755371094
-66.09020233154297,362.5892028808594
-66.80412292480469,363.2511901855469
-67.52136993408203,363.9095764160156
-68.24189758300781,364.5643310546875
-68.96572875976562,365.2154541015625
-69.69282531738281,365.86297607421875
-70.42316436767578,366.50677490234375
-71.15672302246094,367.1469421386719
-71.89348602294922,367.78338623046875
-72.63346099853516,368.4161071777344
-73.3765869140625,369.04510498046875
-74.12287902832031,369.6703796386719
-74.872314453125,370.2918395996094
-75.62484741210938,370.9095764160156
-76.38047790527344,371.5235290527344
-77.13919830322266,372.1336364746094
-77.90096282958984,372.73992919921875
-78.66577911376953,373.3424072265625
-79.43360900878906,373.9410400390625
-80.20443725585938,374.5357666015625
-80.9782485961914,375.1266174316406
-81.7550277709961,375.7135925292969
-82.53474426269531,376.296630859375
-83.31737518310547,376.875732421875
-84.10292053222656,377.450927734375
-84.89134216308594,378.0221252441406
-85.6826171875,378.5893859863281
-86.47675323486328,379.15264892578125
-87.27368927001953,379.7119140625
-88.07344055175781,380.2671813964844
-88.8759765625,380.8183898925781
-89.68126678466797,381.36553955078125
-90.48930358886719,381.9086608886719
-91.300048828125,382.4477233886719
-92.11351013183594,382.9826965332031
-92.92964172363281,383.5135803222656
-93.7484359741211,384.04034423828125
-94.56986236572266,384.5629577636719
-95.3939208984375,385.0814514160156
-96.22056579589844,385.5957946777344
-97.04978942871094,386.1059875488281
-97.88156127929688,386.61199951171875
-98.71586608886719,387.1138000488281
-99.55269622802734,387.6114501953125
-100.39201354980469,388.1048278808594
-101.23379516601562,388.5940246582031
-102.0780258178711,389.0789489746094
-102.92469024658203,389.5596618652344
-103.77376556396484,390.03607177734375
-104.62520599365234,390.50823974609375
-105.4790267944336,390.97607421875
-106.33518981933594,391.43963623046875
-107.19366455078125,391.8989562988281
-108.054443359375,392.3538513183594
-108.91749572753906,392.804443359375
-109.78279876708984,393.2507019042969
-110.65034484863281,393.6925964355469
-111.52009582519531,394.130126953125
-112.39203643798828,394.5632629394531
-113.26614379882812,394.99200439453125
-114.14240264892578,395.4163818359375
-115.0207748413086,395.8363342285156
-115.9012451171875,396.2518615722656
-116.78379821777344,396.6629333496094
-117.66840362548828,397.069580078125
-118.55506134033203,397.47174072265625
-119.44371032714844,397.8695373535156
-120.3343505859375,398.26275634765625
-121.22696685791016,398.65155029296875
-122.12152099609375,399.03582763671875
-123.01799011230469,399.4156188964844
-123.9163589477539,399.7908935546875
-124.81661224365234,400.1616516113281
-125.71870422363281,400.5278625488281
-126.62263488769531,400.8895568847656
-127.52837371826172,401.24664306640625
-128.43589782714844,401.5992126464844
-129.34518432617188,401.94720458984375
-130.25621032714844,402.2906494140625
-131.16893005371094,402.62945556640625
-132.0833740234375,402.9637145996094
-132.9994659423828,403.2933654785156
-133.91720581054688,403.6183776855469
-134.83656311035156,403.93878173828125
-135.75753784179688,404.25457763671875
-136.68008422851562,404.56573486328125
-137.60418701171875,404.87225341796875
-138.52981567382812,405.174072265625
-139.45693969726562,405.4713134765625
-140.38555908203125,405.7638244628906
-141.3156280517578,406.0516662597656
-142.2471160888672,406.3348388671875
-143.18003845214844,406.61334228515625
-144.11434936523438,406.8871154785156
-145.05003356933594,407.15625
-145.987060546875,407.4206237792969
-146.92538452148438,407.6802978515625
-147.86500549316406,407.93524169921875
-148.805908203125,408.18548583984375
-149.748046875,408.43096923828125
-150.69142150878906,408.67169189453125
-151.63600158691406,408.90771484375
-152.58172607421875,409.1389465332031
-153.5286102294922,409.3654479980469
-154.4766387939453,409.5871887207031
-155.42575073242188,409.80413818359375
-156.37594604492188,410.016357421875
-157.32720947265625,410.2237548828125
-158.27947998046875,410.42633056640625
-159.23277282714844,410.6241760253906
-160.18704223632812,410.81719970703125
-161.14227294921875,411.00543212890625
-162.09844970703125,411.1888122558594
-163.05552673339844,411.3674621582031
-164.01348876953125,411.5412902832031
-164.97230529785156,411.710205078125
-165.9319610595703,411.8743896484375
-166.89244079589844,412.0337219238281
-167.85369873046875,412.188232421875
-168.81573486328125,412.337890625
-169.77850341796875,412.4826965332031
-170.7419891357422,412.6226806640625
-171.70616149902344,412.7578125
-172.6710205078125,412.88812255859375
-173.63648986816406,413.0135192871094
-174.6026153564453,413.13409423828125
-175.56930541992188,413.2498474121094
-176.5365753173828,413.36065673828125
-177.50437927246094,413.4666442871094
-178.47271728515625,413.5677795410156
-179.44155883789062,413.66400146484375
-180.4108428955078,413.7554016113281
-181.38059997558594,413.8419189453125
-182.35076904296875,413.92352294921875
-183.32135009765625,414.00030517578125
-184.2922821044922,414.0721435546875
-185.2635955810547,414.1391296386719
-186.23521423339844,414.20123291015625
-187.20712280273438,414.2584228515625
-188.17933654785156,414.31072998046875
-189.1517791748047,414.358154296875
-190.1244354248047,414.4007263183594
-191.09732055664062,414.4383544921875
-192.0703582763672,414.47113037109375
-193.04356384277344,414.4989929199219
-194.01687622070312,414.5220031738281
-194.99032592773438,414.5400390625
-195.96383666992188,414.55322265625
-196.93740844726562,414.5615234375
-197.92498779296875,414.5656433105469
-198.92498779296875,414.56927490234375
-199.9249725341797,414.5729064941406
-200.9249725341797,414.5765380859375
-201.9249725341797,414.5801696777344
-202.92495727539062,414.58380126953125
-203.92494201660156,414.5874328613281
-204.92494201660156,414.591064453125
-205.92494201660156,414.5946960449219
-206.92494201660156,414.59832763671875
-207.9249267578125,414.6019592285156
-208.92491149902344,414.6055908203125
-209.92491149902344,414.6092224121094
-210.92491149902344,414.61285400390625
-211.92489624023438,414.6164855957031
-212.9248809814453,414.6201477050781
-213.9248809814453,414.623779296875
-214.9248809814453,414.6274108886719
-215.9248809814453,414.63104248046875
-216.92486572265625,414.6346740722656
-217.9248504638672,414.6383056640625
-218.9248504638672,414.6419372558594
-219.9248504638672,414.64556884765625
-220.92483520507812,414.6492004394531
-221.92483520507812,414.65283203125
-222.92481994628906,414.6564636230469
-223.92481994628906,414.66009521484375
-224.92481994628906,414.6637268066406
-225.9248046875,414.6673583984375
-226.92478942871094,414.6710205078125
-227.92478942871094,414.6746520996094
-228.92478942871094,414.67828369140625
-229.92478942871094,414.6819152832031
-230.92477416992188,414.685546875
-231.9247589111328,414.6891784667969
-232.9247589111328,414.69281005859375
-233.9247589111328,414.6964416503906
-234.92474365234375,414.7000732421875
-235.92474365234375,414.7037048339844
-236.9247283935547,414.70733642578125
-237.9247283935547,414.7109680175781
-238.9247283935547,414.714599609375
-239.92471313476562,414.7182312011719
-240.92469787597656,414.72186279296875
-241.92469787597656,414.72552490234375
-242.92469787597656,414.7291564941406
-243.92469787597656,414.7327880859375
-244.9246826171875,414.7364196777344
-245.92466735839844,414.74005126953125
-246.92466735839844,414.7436828613281
-247.92466735839844,414.747314453125
-248.92465209960938,414.7509460449219
-249.9246368408203,414.75457763671875
-250.9246368408203,414.7582092285156
-251.9246368408203,414.7618408203125
-252.9246368408203,414.7654724121094
-253.92462158203125,414.76910400390625
-254.9246063232422,414.7727355957031
-255.9246063232422,414.7763977050781
-256.9245910644531,414.780029296875
-257.9245910644531,414.7836608886719
-258.924560546875,414.78729248046875
-259.924560546875,414.7909240722656
-260.924560546875,414.7945556640625
-261.924560546875,414.7981872558594
-262.9245300292969,414.80181884765625
-263.9245300292969,414.8054504394531
-264.9245300292969,414.80908203125
-265.9245300292969,414.8127136230469
-266.9245300292969,414.81634521484375
-267.9245300292969,414.8199768066406
-268.92449951171875,414.8236083984375
-269.92449951171875,414.8272399902344
-270.92449951171875,414.8309020996094
-271.92449951171875,414.83453369140625
-272.9244689941406,414.8381652832031
-273.9244689941406,414.841796875
-274.9244689941406,414.8454284667969
-275.9244689941406,414.84906005859375
-276.9244689941406,414.8526916503906
-277.9244384765625,414.8563232421875
-278.9244384765625,414.8599548339844
-279.9244384765625,414.86358642578125
-280.9244384765625,414.8672180175781
-281.9244079589844,414.870849609375
-282.9244079589844,414.8744812011719
-283.9244079589844,414.87811279296875
-284.9244079589844,414.88177490234375
-285.9244079589844,414.8854064941406
-286.92437744140625,414.8890380859375
-287.92437744140625,414.8926696777344
-288.92437744140625,414.89630126953125
-289.92437744140625,414.8999328613281
-290.9243469238281,414.903564453125
-291.9243469238281,414.9071960449219
-292.9243469238281,414.91082763671875
-293.9243469238281,414.9144592285156
-294.9243469238281,414.9180908203125
-295.92431640625,414.9217224121094
-296.92431640625,414.92535400390625
-297.92431640625,414.9289855957031
-298.92431640625,414.9326477050781
-299.92431640625,414.936279296875
-300.9242858886719,414.9399108886719
-301.9242858886719,414.94354248046875
-302.9242858886719,414.9471740722656
-303.9242858886719,414.9508056640625
-304.92425537109375,414.9544372558594
-305.92425537109375,414.95806884765625
-306.92425537109375,414.9617004394531
-307.92425537109375,414.96533203125
-308.92425537109375,414.9689636230469
-309.9242248535156,414.97259521484375
-310.9242248535156,414.9762268066406
-311.9242248535156,414.9798583984375
-312.9242248535156,414.9834899902344
-313.9242248535156,414.9871520996094
-314.9241943359375,414.99078369140625
-315.9241943359375,414.9944152832031
-316.9241943359375,414.998046875
-317.9241943359375,415.0016784667969
-318.9241638183594,415.00531005859375
-319.9004211425781,415.007080078125
-320.8712158203125,415.0035095214844
-321.8419494628906,414.9945373535156
-322.8126220703125,414.98016357421875
-323.7832336425781,414.96038818359375
-324.7536926269531,414.9352111816406
-325.7239685058594,414.9046325683594
-326.69415283203125,414.86865234375
-327.6640319824219,414.8273010253906
-328.6336975097656,414.7805480957031
-329.6031188964844,414.7284240722656
-330.5721740722656,414.6708984375
-331.5409240722656,414.6079406738281
-332.50933837890625,414.53961181640625
-333.4773254394531,414.46588134765625
-334.44488525390625,414.3868103027344
-335.4119873046875,414.3023376464844
-336.3786315917969,414.2125244140625
-337.3446960449219,414.11724853515625
-338.3102722167969,414.01666259765625
-339.2752685546875,413.91064453125
-340.2396545410156,413.79931640625
-341.2033996582031,413.68267822265625
-342.16650390625,413.56060791015625
-343.12890625,413.43316650390625
-344.090576171875,413.3003845214844
-345.0514831542969,413.1623229980469
-346.0115966796875,413.0188293457031
-346.970947265625,412.8699951171875
-347.9294128417969,412.7159118652344
-348.88702392578125,412.55645751953125
-349.8437194824219,412.39166259765625
-350.79949951171875,412.2215576171875
-351.75433349609375,412.0461120605469
-352.7081604003906,411.8653869628906
-353.66094970703125,411.6793518066406
-354.6126708984375,411.4880065917969
-355.5633544921875,411.2914123535156
-356.5129089355469,411.0894775390625
-357.4613342285156,410.88232421875
-358.40863037109375,410.6698303222656
-359.35467529296875,410.4521179199219
-360.2995300292969,410.2291259765625
-361.2430725097656,410.0008850097656
-362.18536376953125,409.76739501953125
-363.1263732910156,409.5286865234375
-364.0660095214844,409.28472900390625
-365.0043029785156,409.0355224609375
-365.9411315917969,408.78118896484375
-366.8765563964844,408.5215759277344
-367.8105773925781,408.25677490234375
-368.7430725097656,407.9867858886719
-369.6740417480469,407.71160888671875
-370.6034851074219,407.43121337890625
-371.53131103515625,407.1457214355469
-372.45758056640625,406.85504150390625
-373.3822326660156,406.5592041015625
-374.3051452636719,406.2582702636719
-375.2264404296875,405.9521789550781
-376.14599609375,405.6409606933594
-377.0638122558594,405.32464599609375
-377.9798278808594,405.0032043457031
-378.89404296875,404.67669677734375
-379.8064880371094,404.3451232910156
-380.7170104980469,404.0084533691406
-381.6257019042969,403.6667175292969
-382.53240966796875,403.3199157714844
-383.4372253417969,402.9681396484375
-384.34002685546875,402.61126708984375
-385.2408752441406,402.2493896484375
-386.13970947265625,401.8825378417969
-387.03643798828125,401.51068115234375
-387.9311218261719,401.13385009765625
-388.82366943359375,400.7520446777344
-389.7140808105469,400.365234375
-390.6023254394531,399.9735412597656
-391.4883728027344,399.5768737792969
-392.3722229003906,399.17529296875
-393.25384521484375,398.768798828125
-394.1331481933594,398.357421875
-395.0101623535156,397.941162109375
-395.8848571777344,397.5199890136719
-396.7571716308594,397.093994140625
-397.6271057128906,396.66314697265625
-398.4946594238281,396.22747802734375
-399.3597717285156,395.7869567871094
-400.2223815917969,395.3416442871094
-401.0825500488281,394.8915710449219
-401.9401550292969,394.4366760253906
-402.79522705078125,393.9770202636719
-403.64776611328125,393.51263427734375
-404.4976501464844,393.0434875488281
-405.344970703125,392.5696716308594
-406.1895751953125,392.0910949707031
-407.0315856933594,391.60784912109375
-407.870849609375,391.1199035644531
-408.7073669433594,390.6273193359375
-409.5411376953125,390.1300964355469
-410.3721618652344,389.62823486328125
-411.2003479003906,389.1217956542969
-412.0257568359375,388.6106872558594
-412.8482666015625,388.09503173828125
-413.66790771484375,387.5747985839844
-414.484619140625,387.04998779296875
-415.2984313964844,386.52069091796875
-416.1092834472656,385.9868469238281
-416.9170837402344,385.44854736328125
-417.7219543457031,384.9057312011719
-418.52374267578125,384.3583984375
-419.3225402832031,383.8066711425781
-420.1181945800781,383.25048828125
-420.9107971191406,382.6899108886719
-421.7002258300781,382.1249084472656
-422.4865417480469,381.5555114746094
-423.26959228515625,380.9817810058594
-424.04949951171875,380.4037170410156
-424.826171875,379.8212585449219
-425.5996398925781,379.23455810546875
-426.3697509765625,378.64349365234375
-427.1365966796875,378.0481872558594
-427.900146484375,377.44866943359375
-428.6603088378906,376.8448486328125
-429.4171142578125,376.2368469238281
-430.1705017089844,375.6246337890625
-430.9205322265625,375.00823974609375
-431.66705322265625,374.38763427734375
-432.4101867675781,373.7629699707031
-433.1497802734375,373.1341552734375
-433.8858642578125,372.501220703125
-434.618408203125,371.8641662597656
-435.347412109375,371.22308349609375
-436.0728454589844,370.5779724121094
-436.794677734375,369.9288024902344
-437.51287841796875,369.2756042480469
-438.2274475097656,368.6184997558594
-438.9383239746094,367.95733642578125
-439.6455383300781,367.29229736328125
-440.3490295410156,366.62335205078125
-441.04876708984375,365.950439453125
-441.74481201171875,365.2737121582031
-442.4370422363281,364.5930480957031
-443.1254577636719,363.9085693359375
-443.8100891113281,363.22027587890625
-444.4908447265625,362.5282287597656
-445.1677551269531,361.8323669433594
-445.8408203125,361.1327209472656
-446.5099182128906,360.42938232421875
-447.17510986328125,359.7223205566406
-447.83642578125,359.0115966796875
-448.49371337890625,358.297119140625
-449.1470031738281,357.5791015625
-449.79632568359375,356.8573913574219
-450.4416198730469,356.13214111328125
-451.0828857421875,355.40325927734375
-451.72003173828125,354.67083740234375
-452.3531188964844,353.9349060058594
-452.98211669921875,353.1954345703125
-453.60699462890625,352.4524230957031
-454.2276916503906,351.7060546875
-454.84429931640625,350.9561767578125
-455.4566650390625,350.202880859375
-456.0648193359375,349.44622802734375
-456.6687927246094,348.6861877441406
-457.2685241699219,347.9227600097656
-457.86395263671875,347.1560363769531
-458.4552001953125,346.38604736328125
-459.0421142578125,345.61273193359375
-459.6246337890625,344.836181640625
-460.202880859375,344.056396484375
-460.7768249511719,343.2734375
-461.34637451171875,342.4872741699219
-461.9115295410156,341.6979064941406
-462.47235107421875,340.90545654296875
-463.0286865234375,340.1099548339844
-463.5805969238281,339.3113098144531
-464.1280212402344,338.5096130371094
-464.6710205078125,337.7048645019531
-465.2095642089844,336.8970947265625
-465.7435607910156,336.08636474609375
-466.2730407714844,335.272705078125
-466.7980041503906,334.4560852050781
-467.31842041015625,333.63653564453125
-467.834228515625,332.8141784667969
-468.34552001953125,331.9889221191406
-468.8521423339844,331.1607971191406
-469.35418701171875,330.32989501953125
-469.8515930175781,329.4962158203125
-470.3443908691406,328.6597900390625
-470.83245849609375,327.82061767578125
-471.3158874511719,326.978759765625
-471.7946472167969,326.1342468261719
-472.2686767578125,325.28704833984375
-472.73797607421875,324.4372253417969
-473.2025451660156,323.5848083496094
-473.662353515625,322.7298278808594
-474.117431640625,321.8723449707031
-474.5677185058594,321.01226806640625
-475.0132141113281,320.14971923828125
-475.45391845703125,319.2846984863281
-475.8897705078125,318.4172668457031
-476.3208312988281,317.5473937988281
-476.74700927734375,316.6752014160156
-477.1683349609375,315.80059814453125
-477.5848083496094,314.92364501953125
-477.99639892578125,314.04443359375
-478.403076171875,313.1629333496094
-478.8048400878906,312.2791748046875
-479.20172119140625,311.3932189941406
-479.5935974121094,310.5050354003906
-479.9805908203125,309.61468505859375
-480.3625793457031,308.72222900390625
-480.7395935058594,307.8276062011719
-481.1116638183594,306.93096923828125
-481.47869873046875,306.0322265625
-481.84075927734375,305.1314697265625
-482.19781494140625,304.2287292480469
-482.5498352050781,303.3240051269531
-482.89678955078125,302.4173583984375
-483.23870849609375,301.5087585449219
-483.5755310058594,300.5982666015625
-483.9073486328125,299.6859130859375
-484.23406982421875,298.77178955078125
-484.5556945800781,297.8558044433594
-484.8722229003906,296.93804931640625
-485.18359375,296.0185852050781
-485.4898986816406,295.0973815917969
-485.7910461425781,294.1744689941406
-486.08709716796875,293.24993896484375
-486.3779602050781,292.32373046875
-486.6636657714844,291.39593505859375
-486.9442138671875,290.466552734375
-487.2196044921875,289.5356750488281
-487.48980712890625,288.60321044921875
-487.75482177734375,287.6692810058594
-488.0146179199219,286.73388671875
-488.2691650390625,285.79705810546875
-488.5185852050781,284.85888671875
-488.76275634765625,283.9192810058594
-489.00164794921875,282.9783630371094
-489.2353515625,282.0361328125
-489.4637756347656,281.09259033203125
-489.6869812011719,280.1477966308594
-489.9049072265625,279.2017822265625
-490.1175842285156,278.2545471191406
-490.324951171875,277.3061828613281
-490.5270690917969,276.3566589355469
-490.723876953125,275.406005859375
-490.91546630859375,274.4543151855469
-491.1017150878906,273.5015563964844
-491.2825927734375,272.5477600097656
-491.458251953125,271.5929870605469
-491.6285705566406,270.6372375488281
-491.79351806640625,269.68060302734375
-491.9532165527344,268.7230224609375
-492.1075744628906,267.7645568847656
-492.2565612792969,266.8052673339844
-492.40020751953125,265.8451843261719
-492.5385437011719,264.8843078613281
-492.6715087890625,263.92266845703125
-492.7991638183594,262.9602966308594
-492.92138671875,261.9972229003906
-493.0382995605469,261.03350830078125
-493.1498718261719,260.0691223144531
-493.25604248046875,259.10418701171875
-493.3568420410156,258.13861083984375
-493.4523010253906,257.1725158691406
-493.5423583984375,256.2059326171875
-493.62701416015625,255.23883056640625
-493.706298828125,254.2712860107422
-493.7802429199219,253.3032989501953
-493.8487548828125,252.33493041992188
-493.9118957519531,251.36619567871094
-493.9696044921875,250.39712524414062
-494.0220031738281,249.42774963378906
-494.0690002441406,248.45809936523438
-494.11053466796875,247.48818969726562
-494.1467590332031,246.51808166503906
-494.177490234375,245.54776000976562
-494.202880859375,244.57730102539062
-494.2228698730469,243.60671997070312
-494.2374267578125,242.63604736328125
-494.2466125488281,241.66529846191406
-494.25054931640625,240.68807983398438
-494.25286865234375,239.68807983398438
-494.2552185058594,238.68807983398438
-494.2575378417969,237.68809509277344
-494.2598876953125,236.68809509277344
-494.26220703125,235.68809509277344
-494.2645263671875,234.68809509277344
-494.2668762207031,233.68809509277344
-494.2688903808594,232.6938018798828
-494.2691345214844,231.7042999267578
-494.2674255371094,230.7147979736328
-494.2637023925781,229.72531127929688
-494.2580261230469,228.73582458496094
-494.2503662109375,227.746337890625
-494.2406921386719,226.7568817138672
-494.22906494140625,225.76747131347656
-494.2154846191406,224.77806091308594
-494.19989013671875,223.78868103027344
-494.18231201171875,222.79933166503906
-494.16278076171875,221.81004333496094
-494.1412353515625,220.82077026367188
-494.1177673339844,219.83155822753906
-494.0923156738281,218.84237670898438
-494.0648193359375,217.85324096679688
-494.03533935546875,216.86167907714844
-494.00506591796875,215.8621368408203
-493.97479248046875,214.8625946044922
-493.9445495605469,213.86305236816406
-493.9142761230469,212.86351013183594
-493.8840026855469,211.8639678955078
-493.8537292480469,210.8644256591797
-493.8234558105469,209.86488342285156
-493.7931823730469,208.86534118652344
-493.762939453125,207.8657989501953
-493.732666015625,206.8662567138672
-493.702392578125,205.86671447753906
-493.672119140625,204.86717224121094
-493.641845703125,203.8676300048828
-493.6116027832031,202.8680877685547
-493.5813293457031,201.86856079101562
-493.5510559082031,200.8690185546875
-493.5207824707031,199.86947631835938
-493.4908447265625,198.8621063232422
-493.4627990722656,197.85202026367188
-493.4367370605469,196.8418426513672
-493.41265869140625,195.83163452148438
-493.3906555175781,194.82138061523438
-493.3706970214844,193.8110809326172
-493.3526916503906,192.8007354736328
-493.33673095703125,191.7903594970703
-493.32281494140625,190.7799530029297
-493.3109130859375,189.76953125
-493.301025390625,188.7590789794922
-493.29315185546875,187.7486114501953
-493.2868347167969,186.74574279785156
-493.2806091308594,185.74575805664062
-493.27435302734375,184.7457733154297
-493.26812744140625,183.74578857421875
-493.2618713378906,182.74581909179688
-493.2556457519531,181.74583435058594
-493.2493896484375,180.745849609375
-493.2431640625,179.74588012695312
-493.2369384765625,178.7458953857422
-493.2306823730469,177.74591064453125
-493.2244567871094,176.74525451660156
-493.21820068359375,175.74526977539062
-493.21197509765625,174.7452850341797
-493.2057189941406,173.7453155517578
-493.1994934082031,172.7453155517578
-493.1932373046875,171.74534606933594
-493.18701171875,170.745361328125
-493.1807556152344,169.74537658691406
-493.1745300292969,168.7454071044922
-493.1683044433594,167.74542236328125
-493.16204833984375,166.7454376220703
-493.15582275390625,165.74546813964844
-493.1495666503906,164.7454833984375
-493.1433410644531,163.74549865722656
-493.1370849609375,162.7455291748047
-493.130859375,161.7455291748047
-493.1246032714844,160.7455596923828
-493.1183776855469,159.74557495117188
-493.11212158203125,158.74559020996094
-493.10589599609375,157.74562072753906
-493.0996398925781,156.74563598632812
-493.0934143066406,155.7456512451172
-493.087158203125,154.7456817626953
-493.0809326171875,153.74569702148438
-493.07470703125,152.74571228027344
-493.0684509277344,151.74574279785156
-493.0622253417969,150.74575805664062
-493.05596923828125,149.7457733154297
-493.04974365234375,148.74578857421875
-493.0434875488281,147.7458038330078
-493.0372619628906,146.74583435058594
-493.031005859375,145.745849609375
-493.0247802734375,144.74586486816406
-493.0185241699219,143.7458953857422
-493.0122985839844,142.74591064453125
-493.00604248046875,141.7459259033203
-492.99981689453125,140.74595642089844
-492.9935607910156,139.7459716796875
-492.9873352050781,138.74598693847656
-492.9811096191406,137.74600219726562
-492.974853515625,136.7460174560547
-492.9686279296875,135.7460479736328
-492.9623718261719,134.74606323242188
-492.9561462402344,133.74607849121094
-492.94989013671875,132.74610900878906
-492.94366455078125,131.74612426757812
-492.9374084472656,130.7461395263672
-492.9311828613281,129.7461700439453
-492.9249267578125,128.74618530273438
-492.918701171875,127.7461929321289
-492.9124450683594,126.7462158203125
-492.9062194824219,125.74623107910156
-492.89996337890625,124.74625396728516
-492.89373779296875,123.74626922607422
-492.88751220703125,122.74629211425781
-492.8812561035156,121.7463150024414
-492.8750305175781,120.74633026123047
-492.8687744140625,119.74634552001953
-492.862548828125,118.74636840820312
-492.8562927246094,117.74639129638672
-492.8500671386719,116.74640655517578
-492.84381103515625,115.74642944335938
-492.83758544921875,114.74644470214844
-492.8313293457031,113.74646759033203
-492.8251037597656,112.7464828491211
-492.81884765625,111.74650573730469
-492.8126220703125,110.74652862548828
-492.8063659667969,109.74654388427734
-492.8001403808594,108.74656677246094
-492.7939147949219,107.74658203125
-492.78765869140625,106.7466049194336
-492.78143310546875,105.74662017822266
-492.7751770019531,104.74664306640625
-492.7689514160156,103.74665832519531
-492.7626953125,102.7466812133789
-492.7564697265625,101.74669647216797
-492.7502136230469,100.74671936035156
-492.7439880371094,99.74674224853516
-492.73773193359375,98.74675750732422
-492.73150634765625,97.74678039550781
-492.7252502441406,96.74679565429688
-492.7190246582031,95.74681854248047
-492.708984375,94.8041000366211
-492.6867980957031,93.87503814697266
-492.6521301269531,92.94635772705078
-492.6049499511719,92.01823425292969
-492.5452880859375,91.0908203125
-492.47314453125,90.164306640625
-492.3885498046875,89.23883819580078
-492.29150390625,88.31460571289062
-492.1820068359375,87.39175415039062
-492.06005859375,86.470458984375
-491.9258117675781,85.5508804321289
-491.77911376953125,84.63320922851562
-491.6201171875,83.71758270263672
-491.4488525390625,82.80418395996094
-491.2652282714844,81.89317321777344
-491.0694274902344,80.9847183227539
-490.8613586425781,80.0789794921875
-490.6411437988281,79.17611694335938
-490.4088134765625,78.27632141113281
-490.16436767578125,77.37971496582031
-489.9078674316406,76.48648834228516
-489.639404296875,75.59678649902344
-489.35894775390625,74.71078491210938
-489.066650390625,73.8286361694336
-488.7624206542969,72.95050048828125
-488.4464416503906,72.07655334472656
-488.1187438964844,71.20692443847656
-487.77935791015625,70.34178924560547
-487.4283447265625,69.48129272460938
-487.0657958984375,68.6256103515625
-486.6917419433594,67.7748794555664
-486.3063049316406,66.92926025390625
-485.9095153808594,66.08891296386719
-485.5014343261719,65.25397491455078
-485.0821533203125,64.42460632324219
-484.6517333984375,63.6009635925293
-484.2102966308594,62.783180236816406
-483.7579040527344,61.97141647338867
-483.2945861816406,61.16581726074219
-482.82049560546875,60.36652755737305
-482.33563232421875,59.573692321777344
-481.8402099609375,58.78744888305664
-481.334228515625,58.00794982910156
-480.8177795410156,57.235328674316406
-480.2909851074219,56.46973419189453
-479.75396728515625,55.711299896240234
-479.20672607421875,54.96015930175781
-478.6494445800781,54.216453552246094
-478.0822448730469,53.48031234741211
-477.5051574707031,52.75187683105469
-476.9183349609375,52.03127670288086
-476.32183837890625,51.318641662597656
-475.7158508300781,50.61409378051758
-475.1003723144531,49.91777038574219
-474.4755859375,49.229793548583984
-473.84161376953125,48.55029296875
-473.1985778808594,47.87937927246094
-472.5465393066406,47.21718978881836
-471.8856506347656,46.56383514404297
-471.2160339355469,45.91943359375
-470.53778076171875,45.28410339355469
-469.8510437011719,44.657955169677734
-469.156005859375,44.04111862182617
-468.4526672363281,43.433685302734375
-467.7412109375,42.835777282714844
-467.02178955078125,42.24749755859375
-466.2945251464844,41.66895294189453
-465.55950927734375,41.100257873535156
-464.81695556640625,40.541500091552734
-464.06689453125,39.99279022216797
-463.3095397949219,39.45423126220703
-462.5450134277344,38.92591094970703
-461.7734069824219,38.407928466796875
-460.9949035644531,37.90037536621094
-460.20965576171875,37.40335464477539
-459.4178161621094,36.91694259643555
-458.6194763183594,36.44123458862305
-457.8147888183594,35.976322174072266
-457.00396728515625,35.52227783203125
-456.1870422363281,35.079185485839844
-455.3642578125,34.64713668823242
-454.5357360839844,34.2261962890625
-453.7016296386719,33.816444396972656
-452.8620910644531,33.41796112060547
-452.0172119140625,33.03081130981445
-451.167236328125,32.65507125854492
-450.3122863769531,32.290809631347656
-449.4525146484375,31.93808364868164
-448.5880432128906,31.596960067749023
-447.7190856933594,31.26751136779785
-446.8457336425781,30.949783325195312
-445.9682312011719,30.643840789794922
-445.086669921875,30.3497371673584
-444.2012023925781,30.067523956298828
-443.31207275390625,29.797260284423828
-442.4193420410156,29.538982391357422
-441.52325439453125,29.292747497558594
-440.6239318847656,29.058597564697266
-439.72149658203125,28.83657455444336
-438.8161926269531,28.62671661376953
-437.90814208984375,28.429061889648438
-436.99749755859375,28.243654251098633
-436.0844421386719,28.07051658630371
-435.16912841796875,27.90968132019043
-434.25177001953125,27.761184692382812
-433.33245849609375,27.625051498413086
-432.411376953125,27.501304626464844
-431.48876953125,27.38996124267578
-430.5647277832031,27.291051864624023
-429.6394348144531,27.204586029052734
-428.71307373046875,27.130584716796875
-427.7857971191406,27.06906509399414
-426.8577575683594,27.02001953125
-425.9291076660156,26.983478546142578
-425.0000915527344,26.959442138671875
-424.0669250488281,26.947856903076172
-423.0669250488281,26.94142723083496
-422.06695556640625,26.93499755859375
-421.0669860839844,26.92856788635254
-420.0669860839844,26.922136306762695
-419.0670166015625,26.915706634521484
-418.0670471191406,26.909276962280273
-417.0670471191406,26.902847290039062
-416.06707763671875,26.89641761779785
-415.0671081542969,26.88998794555664
-414.0671081542969,26.883556365966797
-413.067138671875,26.877126693725586
-412.0671691894531,26.870697021484375
-411.06719970703125,26.864267349243164
-410.06719970703125,26.85783576965332
-409.0672302246094,26.85140609741211
-408.0672607421875,26.8449764251709
-407.0672607421875,26.838546752929688
-406.0672912597656,26.832117080688477
-405.06732177734375,26.825687408447266
-404.06732177734375,26.819255828857422
-403.0673522949219,26.81282615661621
-402.0673828125,26.806396484375
-401.0674133300781,26.79996681213379
-400.0674133300781,26.793537139892578
-399.06744384765625,26.787107467651367
-398.0674743652344,26.780675888061523
-397.0674743652344,26.774246215820312
-396.0675048828125,26.7678165435791
-395.0675354003906,26.76138687133789
-394.0675354003906,26.75495719909668
-393.06756591796875,26.748525619506836
-392.0675964355469,26.742095947265625
-391.0675964355469,26.735666275024414
-390.067626953125,26.729236602783203
-389.0676574707031,26.722806930541992
-388.0676574707031,26.71637725830078
-387.06768798828125,26.709945678710938
-386.0677185058594,26.703516006469727
-385.0677185058594,26.697086334228516
-384.0677490234375,26.690656661987305
-383.0677795410156,26.684226989746094
-382.0677795410156,26.677797317504883
-381.06781005859375,26.67136573791504
-380.0678405761719,26.664936065673828
-379.0678405761719,26.658506393432617
-378.06787109375,26.652076721191406
-377.0679016113281,26.645647048950195
-376.0679016113281,26.63921546936035
-375.06793212890625,26.63278579711914
-374.0679626464844,26.62635612487793
-373.0679626464844,26.61992645263672
-372.0679931640625,26.613496780395508
-371.0680236816406,26.607067108154297
-370.0680236816406,26.600635528564453
-369.06805419921875,26.594205856323242
-368.0680847167969,26.58777618408203
-367.0680847167969,26.58134651184082
-366.068115234375,26.57491683959961
-365.0681457519531,26.5684871673584
-364.0681457519531,26.562055587768555
-363.06817626953125,26.555625915527344
-362.0682067871094,26.549196243286133
-361.0682373046875,26.542766571044922
-360.0682373046875,26.53633689880371
-359.0682678222656,26.5299072265625
-358.06829833984375,26.523475646972656
-357.06829833984375,26.517045974731445
-356.06829833984375,26.510616302490234
-355.0683288574219,26.504186630249023
-354.068359375,26.497756958007812
-353.068359375,26.49132537841797
-352.0751647949219,26.485374450683594
-351.0857238769531,26.481266021728516
-350.09619140625,26.47915267944336
-349.1067199707031,26.47900390625
-348.10919189453125,26.480268478393555
-347.10919189453125,26.481609344482422
-346.10919189453125,26.482948303222656
-345.10919189453125,26.484289169311523
-344.10919189453125,26.48563003540039
-343.1092224121094,26.486970901489258
-342.1092224121094,26.488311767578125
-341.1092224121094,26.489652633666992
-340.1092224121094,26.49099349975586
-339.1092224121094,26.492334365844727
-338.1092224121094,26.493675231933594
-337.1092224121094,26.49501609802246
-336.1092224121094,26.496356964111328
-335.1092224121094,26.497697830200195
-334.1092224121094,26.499038696289062
-333.1092224121094,26.50037956237793
-332.1092224121094,26.501720428466797
-331.1092224121094,26.503061294555664
-330.1092224121094,26.50440216064453
-329.1092224121094,26.5057430267334
-328.1092224121094,26.507083892822266
-327.1092224121094,26.508424758911133
-326.1092529296875,26.509765625
-325.1092529296875,26.511106491088867
-324.1092529296875,26.512447357177734
-323.1092529296875,26.5137882232666
-322.1092529296875,26.51512908935547
-321.1092529296875,26.516468048095703
-320.1092529296875,26.51780891418457
-319.1092529296875,26.519149780273438
-318.1092529296875,26.520490646362305
-317.1092529296875,26.521831512451172
-316.1092529296875,26.52317237854004
-315.1092529296875,26.524513244628906
-314.1092529296875,26.525854110717773
-313.1092529296875,26.52719497680664
-312.1092529296875,26.528535842895508
-311.1092529296875,26.529876708984375
-310.1092529296875,26.531217575073242
-309.1092529296875,26.53255844116211
-308.1092529296875,26.533899307250977
-307.1092529296875,26.535240173339844
-306.1092529296875,26.53658103942871
-305.1092529296875,26.537921905517578
-304.1092529296875,26.539262771606445
-303.1092529296875,26.540603637695312
-302.1092529296875,26.54194450378418
-301.1092529296875,26.543285369873047
-300.1092529296875,26.544626235961914
-299.1092529296875,26.54596710205078
-298.1092529296875,26.54730796813965
-297.1092529296875,26.548648834228516
-296.1092529296875,26.549989700317383
-295.1092529296875,26.551328659057617
-294.1092529296875,26.552669525146484
-293.1092529296875,26.55401039123535
-292.1092529296875,26.55535125732422
-291.1092529296875,26.556692123413086
-290.1092529296875,26.558032989501953
-289.1092529296875,26.55937385559082
-288.1092529296875,26.560714721679688
-287.1092529296875,26.562055587768555
-286.1092529296875,26.563396453857422
-285.1092529296875,26.56473731994629
-284.1092529296875,26.566078186035156
-283.1092529296875,26.567419052124023
-282.1092529296875,26.56875991821289
-281.1092529296875,26.570100784301758
-280.1092529296875,26.571441650390625
-279.1092529296875,26.572782516479492
-278.1092529296875,26.57412338256836
-277.1092529296875,26.575464248657227
-276.1092529296875,26.576805114746094
-275.1092834472656,26.57814598083496
-274.1092834472656,26.579486846923828
-273.1092834472656,26.580827713012695
-272.1092834472656,26.582168579101562
-271.1092834472656,26.58350944519043
-270.1092834472656,26.584848403930664
-269.1092834472656,26.58618927001953
-268.1092834472656,26.5875301361084
-267.1092834472656,26.588871002197266
-266.1092834472656,26.590211868286133
-265.1092834472656,26.591552734375
-264.1092834472656,26.592893600463867
-263.1092834472656,26.594234466552734
-262.1092834472656,26.5955753326416
-261.1092834472656,26.59691619873047
-260.1092834472656,26.598257064819336
-259.1092834472656,26.599597930908203
-258.10931396484375,26.60093879699707
-257.10931396484375,26.602279663085938
-256.10931396484375,26.603620529174805
-255.10931396484375,26.604961395263672
-254.10931396484375,26.60630226135254
-253.10931396484375,26.607643127441406
-252.10931396484375,26.608983993530273
-251.10931396484375,26.61032485961914
-250.10931396484375,26.611665725708008
-249.10931396484375,26.613006591796875
-248.10931396484375,26.614347457885742
-247.10931396484375,26.61568832397461
-246.10931396484375,26.617029190063477
-245.1093292236328,26.618370056152344
-244.1093292236328,26.619709014892578
-243.1093292236328,26.621049880981445
-242.1093292236328,26.622390747070312
-241.1093292236328,26.62373161315918
-240.1093292236328,26.625072479248047
-239.1093292236328,26.626413345336914
-238.1093292236328,26.62775421142578
-237.1093292236328,26.62909507751465
-236.1093292236328,26.630435943603516
-235.1093292236328,26.631776809692383
-234.1093292236328,26.63311767578125
-233.1093292236328,26.634458541870117
-232.1093292236328,26.635799407958984
-231.1093292236328,26.63714027404785
-230.1093292236328,26.63848114013672
-229.1093292236328,26.639822006225586
-228.1093292236328,26.641162872314453
-227.1093292236328,26.64250373840332
-226.1093292236328,26.643844604492188
-225.1093292236328,26.645185470581055
-224.1093292236328,26.646526336669922
-223.1093292236328,26.64786720275879
-222.1093292236328,26.649208068847656
-221.1093292236328,26.650548934936523
-220.10934448242188,26.65188980102539
-219.10934448242188,26.653228759765625
-218.10934448242188,26.654569625854492
-217.10934448242188,26.65591049194336
-216.10934448242188,26.657251358032227
-215.10934448242188,26.658592224121094
-214.10934448242188,26.65993309020996
-213.10934448242188,26.661273956298828
-212.10935974121094,26.662614822387695
-211.10935974121094,26.663955688476562
-210.10935974121094,26.66529655456543
-209.10935974121094,26.666637420654297
-208.10935974121094,26.667978286743164
-207.10935974121094,26.66931915283203
-206.10935974121094,26.6706600189209
-205.10935974121094,26.672000885009766
-204.10935974121094,26.673341751098633
-203.10935974121094,26.6746826171875
-202.10935974121094,26.676023483276367
-201.10935974121094,26.677364349365234
-200.10935974121094,26.6787052154541
-199.10935974121094,26.68004608154297
-198.10935974121094,26.681386947631836
-197.10935974121094,26.682727813720703
-196.10935974121094,26.68406867980957
-195.10935974121094,26.685409545898438
-194.10935974121094,26.686748504638672
-193.10935974121094,26.68808937072754
-192.10935974121094,26.689430236816406
-191.10935974121094,26.690771102905273
-190.10935974121094,26.69211196899414
-189.10935974121094,26.693452835083008
-188.10935974121094,26.694793701171875
-187.10935974121094,26.696134567260742
-186.109375,26.69747543334961
-185.109375,26.698816299438477
-184.109375,26.700157165527344
-183.109375,26.70149803161621
-182.109375,26.702838897705078
-181.109375,26.704179763793945
-180.109375,26.705520629882812
-179.109375,26.70686149597168
-178.109375,26.708202362060547
-177.109375,26.709543228149414
-176.109375,26.71088409423828
-175.10939025878906,26.71222496032715
-174.10939025878906,26.713565826416016
-173.10939025878906,26.714906692504883
-172.10939025878906,26.71624755859375
-171.10939025878906,26.717588424682617
-170.10939025878906,26.718929290771484
-169.10939025878906,26.72027015686035
-168.10939025878906,26.721609115600586
-167.10939025878906,26.722949981689453
-166.10939025878906,26.72429084777832
-165.10939025878906,26.725631713867188
-164.10939025878906,26.726972579956055
-163.10939025878906,26.728313446044922
-162.10939025878906,26.72965431213379
-161.10939025878906,26.730995178222656
-160.10939025878906,26.732336044311523
-159.10939025878906,26.73367691040039
-158.10939025878906,26.735017776489258
-157.10939025878906,26.736358642578125
-156.10939025878906,26.737699508666992
-155.10939025878906,26.73904037475586
-154.10940551757812,26.740381240844727
-153.10940551757812,26.741722106933594
-152.10940551757812,26.74306297302246
-151.10940551757812,26.744403839111328
-150.10940551757812,26.745744705200195
-149.10940551757812,26.747085571289062
-148.10940551757812,26.74842643737793
-147.10940551757812,26.749767303466797
-146.10940551757812,26.751108169555664
-145.10940551757812,26.75244903564453
-144.10940551757812,26.7537899017334
-143.10940551757812,26.755128860473633
-142.10940551757812,26.7564697265625
-141.10940551757812,26.757810592651367
-140.1094207763672,26.759151458740234
-139.1094207763672,26.7604923248291
-138.1094207763672,26.76183319091797
-137.1094207763672,26.763174057006836
-136.1094207763672,26.764514923095703
-135.1094207763672,26.76585578918457
-134.1094207763672,26.767196655273438
-133.1094207763672,26.768537521362305
-132.1094207763672,26.769878387451172
-131.1094207763672,26.77121925354004
-130.1094207763672,26.772560119628906
-129.1094207763672,26.773900985717773
-128.1094207763672,26.77524185180664
-127.10942840576172,26.776582717895508
-126.10943603515625,26.777923583984375
-125.10943603515625,26.779264450073242
-124.10943603515625,26.78060531616211
-123.10943603515625,26.781946182250977
-122.10943603515625,26.783287048339844
-121.10943603515625,26.78462791442871
-120.10944366455078,26.785966873168945
-119.10944366455078,26.787307739257812
-118.10944366455078,26.78864860534668
-117.10944366455078,26.789989471435547
-116.10944366455078,26.791330337524414
-115.10944366455078,26.79267120361328
-114.10944366455078,26.79401206970215
-113.10944366455078,26.795352935791016
-112.10944366455078,26.796693801879883
-111.10944366455078,26.79803466796875
-110.10945129394531,26.799375534057617
-109.10945129394531,26.800716400146484
-108.10945129394531,26.80205726623535
-107.10945129394531,26.80339813232422
-106.10945892333984,26.804738998413086
-105.10945892333984,26.806079864501953
-104.10945892333984,26.80742073059082
-103.10945892333984,26.808759689331055
-102.10945892333984,26.810100555419922
-101.10945892333984,26.81144142150879
-100.10945892333984,26.812782287597656
-99.10945892333984,26.814123153686523
-98.10945892333984,26.81546401977539
-97.10945892333984,26.816804885864258
-96.10945892333984,26.818145751953125
-95.10945892333984,26.819486618041992
-94.10946655273438,26.82082748413086
-93.10946655273438,26.822168350219727
-92.10946655273438,26.823509216308594
-91.10946655273438,26.82485008239746
-90.10946655273438,26.826190948486328
-89.10946655273438,26.827531814575195
-88.1094741821289,26.828872680664062
-87.1094741821289,26.83021354675293
-86.1094741821289,26.831554412841797
-85.1094741821289,26.832895278930664
-84.1094741821289,26.83423614501953
-83.1094741821289,26.8355770111084
-82.1094741821289,26.836917877197266
-81.1094741821289,26.838258743286133
-80.1094741821289,26.839599609375
-79.1094741821289,26.840940475463867
-78.10948181152344,26.8422794342041
-77.10948181152344,26.84362030029297
-76.10948181152344,26.844961166381836
-75.10948181152344,26.846302032470703
-74.10948181152344,26.84764289855957
-73.10948181152344,26.848983764648438
-72.10948181152344,26.850324630737305
-71.10948181152344,26.851665496826172
-70.10948944091797,26.85300636291504
-69.10948181152344,26.85434913635254
-68.10948944091797,26.855690002441406
-67.10948944091797,26.85702896118164
-66.10948944091797,26.858369827270508
-65.10948944091797,26.859710693359375
-64.10948944091797,26.861051559448242
-63.1094856262207,26.86239242553711
-62.10948944091797,26.863733291625977
-61.10948944091797,26.865074157714844
-60.10948944091797,26.86641502380371
-59.109493255615234,26.867755889892578
-58.109493255615234,26.869096755981445
-57.109493255615234,26.870437622070312
-56.109493255615234,26.87177848815918
-55.109493255615234,26.873119354248047
-54.1094970703125,26.874460220336914
-53.1094970703125,26.87580108642578
-52.1094970703125,26.87714195251465
-51.1094970703125,26.878482818603516
-50.11524963378906,26.880142211914062
-49.1237907409668,26.88348388671875
-48.12379837036133,26.887542724609375
-47.12380599975586,26.891605377197266
-46.12381362915039,26.89566421508789
-45.12382888793945,26.89972686767578
-44.123836517333984,26.903785705566406
-43.123844146728516,26.90784454345703
-42.12385177612305,26.911907196044922
-41.12385940551758,26.915966033935547
-40.12386703491211,26.920028686523438
-39.12387466430664,26.924087524414062
-38.12388229370117,26.928146362304688
-37.1238899230957,26.932209014892578
-36.123897552490234,26.936267852783203
-35.123905181884766,26.940330505371094
-34.1239128112793,26.94438934326172
-33.12392807006836,26.948448181152344
-32.12393569946289,26.952510833740234
-31.123939514160156,26.95656967163086
-30.123947143554688,26.96063232421875
-29.12395477294922,26.964691162109375
-28.12396240234375,26.96875
-27.12397003173828,26.97281265258789
-26.123977661132812,26.976871490478516
-25.123985290527344,26.980934143066406
-24.123992919921875,26.98499298095703
-23.124000549316406,26.989051818847656
-22.124008178710938,26.993114471435547
-21.12401580810547,26.997173309326172
-20.12403106689453,27.001235961914062
-19.124038696289062,27.005294799804688
-18.124046325683594,27.009353637695312
-17.124053955078125,27.013416290283203
-16.124061584472656,27.017475128173828
-15.124069213867188,27.02153778076172
-14.124076843261719,27.025596618652344
-13.12408447265625,27.02965545654297
-12.124092102050781,27.03371810913086
-11.124099731445312,27.037776947021484
-10.124107360839844,27.041839599609375
-9.124114990234375,27.0458984375
-8.124130249023438,27.049957275390625
-7.124138355255127,27.054019927978516
-6.124145984649658,27.05807876586914
-5.1241536140441895,27.06214141845703
-4.124161243438721,27.066200256347656
-3.124169111251831,27.07025909423828
-2.1241767406463623,27.074321746826172
-1.124184250831604,27.078380584716797
-0.12419189512729645,27.082443237304688
0.8758004903793335,27.086502075195312
1.8757928609848022,27.090560913085938
2.875781297683716,27.094623565673828
3.8757736682891846,27.098682403564453
4.875766277313232,27.102745056152344
5.875758647918701,27.10680389404297
6.87575101852417,27.110862731933594
7.875739574432373,27.114925384521484
8.875732421875,27.11898422241211
9.875724792480469,27.123046875
10.875717163085938,27.127105712890625
11.875709533691406,27.13116455078125
12.875701904296875,27.13522720336914
13.875690460205078,27.139286041259766
14.875682830810547,27.143348693847656
15.875675201416016,27.14740753173828
16.875667572021484,27.151466369628906
17.875659942626953,27.155529022216797
18.875652313232422,27.159587860107422
19.875640869140625,27.163650512695312
20.875633239746094,27.167709350585938
21.875625610351562,27.171768188476562
22.87561798095703,27.175830841064453
23.8756103515625,27.179889678955078
24.87560272216797,27.18395233154297
25.875595092773438,27.188011169433594
26.87558364868164,27.19207000732422
27.87557601928711,27.19613265991211
28.875568389892578,27.200191497802734
29.875560760498047,27.204254150390625
30.875553131103516,27.20831298828125
31.875545501708984,27.21237564086914
32.87553024291992,27.216434478759766
33.87552261352539,27.22049331665039
34.87551498413086,27.22455596923828
35.87550735473633,27.228614807128906
36.8754997253418,27.232677459716797
37.875492095947266,27.236736297607422
38.875484466552734,27.240795135498047
39.87547302246094,27.244857788085938
40.875465393066406,27.248916625976562
41.875457763671875,27.252979278564453
42.875450134277344,27.257038116455078
43.87543869018555,27.261096954345703
44.875431060791016,27.265159606933594
45.875423431396484,27.26921844482422
46.87541580200195,27.27328109741211
47.87540817260742,27.277339935302734
48.87540054321289,27.28139877319336
49.87539291381836,27.28546142578125
50.87538528442383,27.289520263671875
51.87537384033203,27.293582916259766
52.8753662109375,27.29764175415039
53.87535858154297,27.301700592041016
54.87535095214844,27.305763244628906
55.875343322753906,27.30982208251953
56.87533187866211,27.313884735107422
57.87532424926758,27.317943572998047
58.87531661987305,27.322002410888672
59.875308990478516,27.326065063476562
60.875301361083984,27.330123901367188
61.87529373168945,27.334186553955078
62.87528610229492,27.338245391845703
63.875274658203125,27.342304229736328
64.87527465820312,27.34636688232422
65.8752670288086,27.350425720214844
66.87525939941406,27.354488372802734
67.87525177001953,27.35854721069336
68.875244140625,27.362606048583984
69.87522888183594,27.366668701171875
70.8752212524414,27.3707275390625
71.87521362304688,27.37479019165039
72.87520599365234,27.378849029541016
73.87519836425781,27.382911682128906
74.87519073486328,27.38697052001953
75.87518310546875,27.391029357910156
76.87517547607422,27.395092010498047
77.87516784667969,27.399150848388672
78.87515258789062,27.403213500976562
79.87515258789062,27.407272338867188
80.87513732910156,27.411331176757812
81.87512969970703,27.415393829345703
82.8751220703125,27.419452667236328
83.87511444091797,27.42351531982422
84.87510681152344,27.427574157714844
85.8750991821289,27.43163299560547
86.87509155273438,27.43569564819336
87.87508392333984,27.439754486083984
88.87507629394531,27.443817138671875
89.87506866455078,27.4478759765625
90.87506103515625,27.451934814453125
91.87504577636719,27.455997467041016
92.87503814697266,27.46005630493164
93.87503051757812,27.46411895751953
94.87136840820312,27.468294143676758
95.8608627319336,27.474002838134766
96.85032653808594,27.481670379638672
97.83977508544922,27.4913330078125
98.82920837402344,27.502960205078125
99.81861114501953,27.516578674316406
100.80799865722656,27.532161712646484
101.80622100830078,27.54916000366211
102.80607604980469,27.566226959228516
103.8059310913086,27.583293914794922
104.8057861328125,27.600360870361328
105.80563354492188,27.617427825927734
106.80549621582031,27.63449478149414
107.80534362792969,27.651561737060547
108.8051986694336,27.668628692626953
109.8050537109375,27.68569564819336
110.8049087524414,27.702762603759766
111.80476379394531,27.719829559326172
112.80461883544922,27.736896514892578
113.80447387695312,27.753963470458984
114.80432891845703,27.771034240722656
115.80418395996094,27.788101196289062
116.80403137207031,27.80516815185547
117.80388641357422,27.822235107421875
118.80374145507812,27.83930206298828
119.80359649658203,27.856369018554688
120.80345153808594,27.873435974121094
121.80330657958984,27.8905029296875
122.80316162109375,27.907569885253906
123.80301666259766,27.924636840820312
124.80287170410156,27.94170379638672
125.80272674560547,27.958770751953125
126.80258178710938,27.97583770751953
127.80242919921875,27.992904663085938
128.80227661132812,28.009971618652344
129.8021240234375,28.02703857421875
130.80198669433594,28.044105529785156
131.8018341064453,28.061172485351562
132.80169677734375,28.078243255615234
133.80154418945312,28.09531021118164
134.80140686035156,28.112377166748047
135.80125427246094,28.129444122314453
136.80111694335938,28.14651107788086
137.80096435546875,28.163578033447266
138.80081176757812,28.180644989013672
139.80067443847656,28.197711944580078
140.80052185058594,28.214778900146484
141.80038452148438,28.23184585571289
142.80023193359375,28.248912811279297
143.8000946044922,28.265979766845703
144.79994201660156,28.28304672241211
145.7998046875,28.300113677978516
146.79965209960938,28.317180633544922
147.7995147705078,28.334247589111328
148.7993621826172,28.351314544677734
149.79920959472656,28.36838150024414
150.799072265625,28.385448455810547
151.79891967773438,28.40251922607422
152.7987823486328,28.419586181640625
153.7986297607422,28.43665313720703
154.79849243164062,28.453720092773438
155.79833984375,28.470787048339844
156.79820251464844,28.48785400390625
157.7980499267578,28.504920959472656
158.79791259765625,28.521987915039062
159.79776000976562,28.53905487060547
160.797607421875,28.556121826171875
161.79747009277344,28.57318878173828
162.7973175048828,28.590255737304688
163.79718017578125,28.607322692871094
164.79702758789062,28.6243896484375
165.79689025878906,28.641456604003906
166.79673767089844,28.658523559570312
167.79660034179688,28.67559051513672
168.79644775390625,28.692657470703125
169.7963104248047,28.70972442626953
170.79615783691406,28.726795196533203
171.79600524902344,28.74386215209961
172.79586791992188,28.760929107666016
173.79571533203125,28.777996063232422
174.7955780029297,28.795063018798828
175.79542541503906,28.812129974365234
176.7952880859375,28.82919692993164
177.79513549804688,28.846263885498047
178.7949981689453,28.863330841064453
179.7948455810547,28.88039779663086
180.79470825195312,28.897464752197266
181.7945556640625,28.914531707763672
182.79440307617188,28.931598663330078
183.7942657470703,28.948665618896484
184.7941131591797,28.96573257446289
185.79397583007812,28.982799530029297
186.7938232421875,28.999866485595703
187.79368591308594,29.01693344116211
188.7935333251953,29.034000396728516
189.79339599609375,29.051071166992188
190.79324340820312,29.068138122558594
191.79310607910156,29.085205078125
192.79295349121094,29.102272033691406
193.7928009033203,29.119338989257812
194.79266357421875,29.13640594482422
195.79251098632812,29.153472900390625
196.79237365722656,29.17053985595703
197.79222106933594,29.187606811523438
198.79208374023438,29.204673767089844
199.79193115234375,29.22174072265625
200.7917938232422,29.238807678222656
201.79164123535156,29.255874633789062
202.79150390625,29.27294158935547
203.79135131835938,29.290008544921875
204.79119873046875,29.30707550048828
205.7910614013672,29.324142456054688
206.79090881347656,29.341209411621094
207.790771484375,29.3582763671875
208.79061889648438,29.375343322753906
209.7904815673828,29.392414093017578
210.7903289794922,29.409481048583984
211.79019165039062,29.42654800415039
212.7900390625,29.443614959716797
213.78988647460938,29.460681915283203
214.7897491455078,29.47774887084961
215.78961181640625,29.494815826416016
216.78945922851562,29.511882781982422
217.789306640625,29.528949737548828
218.78916931152344,29.546016693115234
219.7890167236328,29.56308364868164
220.78887939453125,29.580150604248047
221.78872680664062,29.597217559814453
222.78857421875,29.61428451538086
223.78843688964844,29.631351470947266
224.78829956054688,29.648418426513672
225.78814697265625,29.665485382080078
226.78799438476562,29.682552337646484
227.78785705566406,29.699623107910156
228.7877197265625,29.716690063476562
229.78756713867188,29.73375701904297
230.78741455078125,29.750823974609375
231.78726196289062,29.76789093017578
232.78712463378906,29.784957885742188
233.7869873046875,29.802024841308594
234.78683471679688,29.819091796875
235.78668212890625,29.836158752441406
236.7865447998047,29.853225708007812
237.78640747070312,29.87029266357422
238.7862548828125,29.887359619140625
239.78610229492188,29.90442657470703
240.7859649658203,29.921493530273438
241.7858123779297,29.938560485839844
242.78567504882812,29.95562744140625
243.7855224609375,29.972694396972656
244.78536987304688,29.989761352539062
245.7852325439453,30.00682830810547
246.78509521484375,30.02389907836914
247.78494262695312,30.040966033935547
248.7847900390625,30.058032989501953
249.78465270996094,30.07509994506836
250.78451538085938,30.092166900634766
251.78436279296875,30.109233856201172
252.78421020507812,30.126300811767578
253.7840576171875,30.143367767333984
254.78392028808594,30.16043472290039
255.78378295898438,30.177501678466797
256.7835998535156,30.194568634033203
257.783447265625,30.21163558959961
258.7832946777344,30.228702545166016
259.7831726074219,30.245769500732422
260.78302001953125,30.262836456298828
261.7828674316406,30.279903411865234
262.7827453613281,30.29697036743164
263.7825622558594,30.314037322998047
264.7824401855469,30.331104278564453
265.78228759765625,30.34817123413086
266.7821350097656,30.36524200439453
267.7820129394531,30.382308959960938
268.7818603515625,30.399375915527344
269.7817077636719,30.41644287109375
270.78155517578125,30.433509826660156
271.7814025878906,30.450576782226562
272.7812805175781,30.46764373779297
273.7811279296875,30.484710693359375
274.7809753417969,30.50177764892578
275.78082275390625,30.518844604492188
276.7806701660156,30.535911560058594
277.7805480957031,30.552978515625
278.7803955078125,30.570045471191406
279.7802429199219,30.587112426757812
280.7801208496094,30.60417938232422
281.77996826171875,30.621246337890625
282.7798156738281,30.63831329345703
283.7796630859375,30.655380249023438
284.7795104980469,30.672447204589844
285.7793884277344,30.689517974853516
286.77923583984375,30.706584930419922
287.7790832519531,30.723651885986328
288.7789306640625,30.740718841552734
289.7787780761719,30.75778579711914
290.7786560058594,30.774852752685547
291.77850341796875,30.791919708251953
292.7783508300781,30.80898666381836
293.7781982421875,30.826053619384766
294.778076171875,30.843120574951172
295.7779235839844,30.860187530517578
296.77777099609375,30.877254486083984
297.7776184082031,30.89432144165039
298.7774963378906,30.911388397216797
299.77734375,30.928455352783203
300.7771911621094,30.94552230834961
301.77703857421875,30.962589263916016
302.7768859863281,30.979656219482422
303.7767639160156,30.996723175048828
304.776611328125,31.0137939453125
305.7764587402344,31.030860900878906
306.77630615234375,31.047927856445312
307.77618408203125,31.06499481201172
308.7760314941406,31.082061767578125
309.77587890625,31.09912872314453
310.7757263183594,31.116195678710938
311.7756042480469,31.133262634277344
312.77545166015625,31.15032958984375
313.7752990722656,31.167396545410156
314.775146484375,31.184463500976562
315.7749938964844,31.20153045654297
316.7748718261719,31.218597412109375
317.77471923828125,31.23566436767578
318.7745666503906,31.252731323242188
319.7744140625,31.269798278808594
320.7742919921875,31.286865234375
321.7741394042969,31.303932189941406
322.77398681640625,31.320999145507812
323.7738342285156,31.338069915771484
324.7737121582031,31.35513687133789
325.7735595703125,31.372203826904297
326.7734069824219,31.389270782470703
327.77325439453125,31.40633773803711
328.7731018066406,31.423404693603516
329.7729797363281,31.440471649169922
330.7728271484375,31.457538604736328
331.7726745605469,31.474605560302734
332.77252197265625,31.49167251586914
333.77239990234375,31.508739471435547
334.7722473144531,31.525806427001953
335.7720947265625,31.54287338256836
336.7719421386719,31.559940338134766
337.77178955078125,31.577007293701172
338.77166748046875,31.594074249267578
339.7715148925781,31.611141204833984
340.7713623046875,31.62820816040039
341.8091125488281,31.644384384155273
342.9062805175781,31.64504623413086
344.0032958984375,31.625394821166992
345.0997619628906,31.58544158935547
346.1952819824219,31.52519416809082
347.28948974609375,31.44468116760254
348.38201904296875,31.343921661376953
349.4725341796875,31.222957611083984
350.5605773925781,31.081825256347656
351.6458435058594,30.920578002929688
352.7279357910156,30.73926544189453
353.8064880371094,30.53795051574707
354.88116455078125,30.316707611083984
355.95147705078125,30.075607299804688
357.0172119140625,29.814735412597656
358.077880859375,29.534175872802734
359.13323974609375,29.234031677246094
360.18280029296875,28.91440200805664
361.226318359375,28.575401306152344
362.26336669921875,28.217134475708008
363.2935791015625,27.839733123779297
364.316650390625,27.443328857421875
365.3321838378906,27.028053283691406
366.3398742675781,26.594043731689453
367.33935546875,26.14145851135254
368.330322265625,25.670446395874023
369.3123474121094,25.18117332458496
370.28515625,24.673803329467773
371.2484130859375,24.148509979248047
372.2017822265625,23.605478286743164
373.1449279785156,23.04488754272461
374.0775451660156,22.466934204101562
374.9992980957031,21.871816635131836
375.909912109375,21.259737014770508
376.8089599609375,20.630905151367188
377.6962890625,19.985536575317383
378.57147216796875,19.3238525390625
379.4342956542969,18.64608383178711
380.2843933105469,17.952457427978516
381.12152099609375,17.243209838867188
381.94537353515625,16.51858901977539
382.755615234375,15.77884292602539
383.5520935058594,15.024219512939453
384.3344421386719,14.254983901977539
385.1024475097656,13.471399307250977
385.8557434082031,12.67372989654541
386.5942077636719,11.862252235412598
387.3175354003906,11.037242889404297
388.0254211425781,10.198983192443848
388.7176818847656,9.347765922546387
389.3940734863281,8.483879089355469
390.0543212890625,7.60761833190918
390.6982727050781,6.719283580780029
391.32568359375,5.8191819190979
391.9363098144531,4.907620429992676
392.5299377441406,3.984909772872925
393.10638427734375,3.05136775970459
393.6654357910156,2.107316493988037
394.20697021484375,1.1530778408050537
394.730712890625,0.18897628784179688
395.23651123046875,-0.7846548557281494
395.7242126464844,-1.7674825191497803
396.193603515625,-2.7591702938079834
396.64459228515625,-3.759378671646118
397.0769958496094,-4.767762184143066
397.4906311035156,-5.783979415893555
397.8854064941406,-6.80767822265625
398.26116943359375,-7.838508605957031
398.6177673339844,-8.876120567321777
398.955078125,-9.920156478881836
399.27301025390625,-10.970256805419922
399.5715026855469,-12.02606201171875
399.850341796875,-13.087211608886719
400.1094970703125,-14.153341293334961
400.348876953125,-15.22408390045166
400.5683898925781,-16.2990779876709
400.7679443359375,-17.377952575683594
400.94757080078125,-18.4603328704834
401.1070556640625,-19.545856475830078
401.2464294433594,-20.634143829345703
401.36566162109375,-21.724824905395508
401.46466064453125,-22.817527770996094
401.5434265136719,-23.911874771118164
401.6018981933594,-25.007490158081055
401.64007568359375,-26.104005813598633
401.657958984375,-27.19780731201172
401.6656188964844,-28.197776794433594
401.67327880859375,-29.1977481842041
401.6809387207031,-30.19771957397461
401.6885986328125,-31.197689056396484
401.6962585449219,-32.197662353515625
401.7039489746094,-33.1976318359375
401.71160888671875,-34.19760513305664
401.7192687988281,-35.197574615478516
401.7269287109375,-36.19754409790039
401.7345886230469,-37.197513580322266
401.74224853515625,-38.19748306274414
401.7499084472656,-39.19745635986328
401.757568359375,-40.197425842285156
401.7652587890625,-41.1973991394043
401.7729187011719,-42.19736862182617
401.78057861328125,-43.19733810424805
401.7882385253906,-44.19730758666992
401.7958984375,-45.19728088378906
401.8035583496094,-46.19725036621094
401.81121826171875,-47.19722366333008
401.8188781738281,-48.19719314575195
401.8265686035156,-49.19716262817383
401.834228515625,-50.1971321105957
401.8418884277344,-51.197105407714844
401.84954833984375,-52.19707489013672
401.8572082519531,-53.197044372558594
401.8648681640625,-54.197017669677734
401.8725280761719,-55.19698715209961
401.8802185058594,-56.19695281982422
401.88787841796875,-57.19692611694336
401.8955383300781,-58.196895599365234
401.9032287597656,-59.19686508178711
401.9108581542969,-60.19683074951172
401.9185485839844,-61.19680404663086
401.92620849609375,-62.196773529052734
401.9338684082031,-63.196746826171875
401.9415283203125,-64.19672393798828
401.9491882324219,-65.19669342041016
401.95684814453125,-66.19666290283203
401.9645080566406,-67.1966323852539
401.97216796875,-68.19660186767578
401.9798583984375,-69.19657897949219
401.9875183105469,-70.19654846191406
401.99517822265625,-71.19651794433594
402.0028381347656,-72.19648742675781
402.010498046875,-73.19645690917969
402.0181579589844,-74.19642639160156
402.02581787109375,-75.19640350341797
402.0334777832031,-76.19637298583984
402.0411376953125,-77.19634246826172
402.048828125,-78.1963119506836
402.0564880371094,-79.1962890625
402.06414794921875,-80.19625854492188
402.07183837890625,-81.194091796875
402.080810546875,-82.18354797363281
402.0911560058594,-83.18151092529297
402.10162353515625,-84.18145751953125
402.112060546875,-85.18140411376953
402.12249755859375,-86.18135070800781
402.1329650878906,-87.1812973022461
402.1434020996094,-88.18123626708984
402.1538391113281,-89.18118286132812
402.164306640625,-90.1811294555664
402.17474365234375,-91.18107604980469
402.1851806640625,-92.18102264404297
402.1956481933594,-93.18096923828125
402.2060852050781,-94.180908203125
402.2165222167969,-95.18085479736328
402.22698974609375,-96.18080139160156
402.2374267578125,-97.18074798583984
402.24786376953125,-98.18069458007812
402.2583312988281,-99.1806411743164
402.2687683105469,-100.18058013916016
402.2792053222656,-101.18053436279297
402.2896728515625,-102.18047332763672
402.30010986328125,-103.180419921875
402.310546875,-104.18036651611328
402.3210144042969,-105.18031311035156
402.3314514160156,-106.18025970458984
402.3419189453125,-107.1801986694336
402.35235595703125,-108.1801528930664
402.36279296875,-109.18009185791016
402.3732604980469,-110.18003845214844
402.3836975097656,-111.17998504638672
402.3941345214844,-112.17992401123047
402.40460205078125,-113.17987823486328
402.4150390625,-114.17981719970703
402.42547607421875,-115.17976379394531
402.4359436035156,-116.1797103881836
402.4463806152344,-117.17965698242188
402.4568176269531,-118.17960357666016
402.46728515625,-119.1795425415039
402.47772216796875,-120.17949676513672
402.4881591796875,-121.17943572998047
402.4986267089844,-122.17938232421875
402.5090637207031,-123.17932891845703
402.5195007324219,-124.17927551269531
402.52996826171875,-125.1792221069336
402.5404052734375,-126.17916107177734
402.55084228515625,-127.17911529541016
402.5613098144531,-128.17904663085938
402.5717468261719,-129.1790008544922
402.5821838378906,-130.17893981933594
402.5926513671875,-131.1788787841797
402.60308837890625,-132.1788330078125
402.613525390625,-133.17877197265625
402.6239929199219,-134.17872619628906
402.6344299316406,-135.1786651611328
402.6448669433594,-136.17860412597656
402.65533447265625,-137.17855834960938
402.665771484375,-138.17849731445312
402.67620849609375,-139.17845153808594
402.6866760253906,-140.1783905029297
402.6971130371094,-141.1783447265625
402.7075500488281,-142.17828369140625
402.718017578125,-143.17823791503906
402.72845458984375,-144.1781768798828
402.7388916015625,-145.17811584472656
402.7493591308594,-146.17807006835938
402.7597961425781,-147.17800903320312
402.7702331542969,-148.17796325683594
402.78070068359375,-149.1779022216797
402.7911376953125,-150.17784118652344
402.80157470703125,-151.17779541015625
402.8120422363281,-152.177734375
402.8224792480469,-153.1776885986328
402.8329162597656,-154.17762756347656
402.8433837890625,-155.17758178710938
402.85382080078125,-156.17752075195312
402.8642578125,-157.17745971679688
402.8747253417969,-158.1774139404297
402.8851623535156,-159.1773681640625
402.8956298828125,-160.17730712890625
402.90606689453125,-161.17724609375
402.91650390625,-162.1772003173828
402.9269714355469,-163.17713928222656
402.9374084472656,-164.1770782470703
402.9478454589844,-165.17703247070312
402.95831298828125,-166.17697143554688
402.96875,-167.1769256591797
402.97918701171875,-168.17686462402344
402.9896545410156,-169.1768035888672
403.0000915527344,-170.1767578125
403.0105285644531,-171.17669677734375
403.02099609375,-172.17665100097656
403.03143310546875,-173.1765899658203
403.0418701171875,-174.17652893066406
403.0523376464844,-175.17648315429688
403.0627746582031,-176.17642211914062
403.0732116699219,-177.17637634277344
403.08367919921875,-178.1763153076172
403.0941162109375,-179.17625427246094
403.1045837402344,-180.17620849609375
403.1150207519531,-181.17616271972656
403.12548828125,-182.1761016845703
403.13592529296875,-183.17604064941406
403.1463623046875,-184.17599487304688
403.1568298339844,-185.17593383789062
403.1672668457031,-186.17588806152344
403.1777038574219,-187.1758270263672
403.18817138671875,-188.17576599121094
403.1986083984375,-189.17572021484375
403.20904541015625,-190.17567443847656
403.2195129394531,-191.1756134033203
403.2299499511719,-192.17555236816406
403.2403869628906,-193.17550659179688
403.2508544921875,-194.17544555664062
403.26129150390625,-195.17539978027344
403.2717590332031,-196.1753387451172
403.2821960449219,-197.17527770996094
403.2926330566406,-198.17523193359375
403.3031005859375,-199.1751708984375
403.31353759765625,-200.1751251220703
403.323974609375,-201.17506408691406
403.3344421386719,-202.1750030517578
403.3448791503906,-203.17495727539062
403.3553161621094,-204.17489624023438
403.36578369140625,-205.1748504638672
403.376220703125,-206.17478942871094
403.38665771484375,-207.17474365234375
403.3971252441406,-208.1746826171875
403.4075622558594,-209.1746368408203
403.4179992675781,-210.17457580566406
403.428466796875,-211.1745147705078
403.43890380859375,-212.17446899414062
403.4493408203125,-213.17440795898438
403.4598083496094,-214.1743621826172
403.4702453613281,-215.17430114746094
403.4806823730469,-216.1742401123047
403.49114990234375,-217.1741943359375
403.5015869140625,-218.17413330078125
403.51202392578125,-219.17408752441406
403.5224914550781,-220.1740264892578
403.5329284667969,-221.17398071289062
403.5433654785156,-222.17391967773438
403.5538330078125,-223.17385864257812
403.56427001953125,-224.17381286621094
403.57470703125,-225.1737518310547
403.5851745605469,-226.1737060546875
403.5956115722656,-227.17364501953125
403.6060485839844,-228.17359924316406
403.61651611328125,-229.1735382080078
403.626953125,-230.17347717285156
403.63739013671875,-231.17343139648438
403.6448059082031,-232.20848083496094
403.64520263671875,-233.244140625
403.6385498046875,-234.27978515625
403.6248474121094,-235.3153533935547
403.6041259765625,-236.35079956054688
403.5763854980469,-237.38607788085938
403.54156494140625,-238.42117309570312
403.4997863769531,-239.45599365234375
403.450927734375,-240.49050903320312
403.3950500488281,-241.524658203125
403.3321533203125,-242.5583953857422
403.26226806640625,-243.59170532226562
403.185302734375,-244.62449645996094
403.10137939453125,-245.65676879882812
403.0104064941406,-246.68841552734375
402.9124450683594,-247.7194366455078
402.8074951171875,-248.749755859375
402.6955261230469,-249.7793426513672
402.5765686035156,-250.80816650390625
402.4505920410156,-251.8361358642578
402.31768798828125,-252.8632354736328
402.17779541015625,-253.889404296875
402.03094482421875,-254.9145965576172
401.8771667480469,-255.9387664794922
401.7163391113281,-256.9618835449219
401.54864501953125,-257.9838562011719
401.37396240234375,-259.00469970703125
401.1923828125,-260.0243225097656
401.00384521484375,-261.04266357421875
400.8084411621094,-262.05975341796875
400.6060791015625,-263.075439453125
400.3968505859375,-264.0897216796875
400.1807556152344,-265.10260009765625
399.957763671875,-266.11395263671875
399.7279357910156,-267.1238098144531
399.4912109375,-268.1320495605469
399.2476501464844,-269.138671875
398.9972839355469,-270.14361572265625
398.74005126953125,-271.1468200683594
398.4760437011719,-272.14825439453125
398.20526123046875,-273.14788818359375
397.92767333984375,-274.1456604003906
397.6432800292969,-275.14154052734375
397.3521728515625,-276.13543701171875
397.0543212890625,-277.1273193359375
396.7497253417969,-278.1171875
396.4383850097656,-279.1049499511719
396.120361328125,-280.090576171875
395.795654296875,-281.07403564453125
395.46429443359375,-282.05523681640625
395.1262512207031,-283.0341796875
394.7815246582031,-284.01080322265625
394.4302673339844,-284.98504638671875
394.0723571777344,-285.9569091796875
393.70782470703125,-286.9263000488281
393.33673095703125,-287.8931884765625
392.9590759277344,-288.8575439453125
392.5748596191406,-289.8193054199219
392.1841735839844,-290.7784423828125
391.7869567871094,-291.73492431640625
391.3832702636719,-292.68865966796875
390.97308349609375,-293.6396179199219
390.55645751953125,-294.5877990722656
390.1333923339844,-295.5331115722656
389.70391845703125,-296.47552490234375
389.26806640625,-297.41497802734375
388.8258361816406,-298.3514709472656
388.3772277832031,-299.28497314453125
387.9223327636719,-300.2153625488281
387.4610900878906,-301.1426696777344
386.99359130859375,-302.0667724609375
386.5198059082031,-302.98773193359375
386.0397644042969,-303.9053955078125
385.55352783203125,-304.8198547363281
385.06109619140625,-305.73089599609375
384.5624694824219,-306.638671875
384.0576477050781,-307.54296875
383.5467529296875,-308.4438171386719
383.02972412109375,-309.3412170410156
382.5066223144531,-310.23504638671875
381.9774475097656,-311.12530517578125
381.4422607421875,-312.0119934082031
380.9010314941406,-312.89495849609375
380.3538513183594,-313.7742919921875
379.8006896972656,-314.64984130859375
379.2415771484375,-315.5216064453125
378.6766052246094,-316.3896179199219
378.105712890625,-317.25372314453125
377.5289611816406,-318.1138916015625
376.9463806152344,-318.9701843261719
376.3580017089844,-319.822509765625
375.76385498046875,-320.6707763671875
375.1639709472656,-321.5150146484375
374.558349609375,-322.3551330566406
373.947021484375,-323.1911315917969
373.3300476074219,-324.02294921875
372.70745849609375,-324.8505554199219
372.0791931152344,-325.6739196777344
371.4454040527344,-326.49298095703125
370.8060607910156,-327.3077697753906
370.1611633300781,-328.1181335449219
369.51080322265625,-328.9241638183594
368.8550109863281,-329.7256774902344
368.1937255859375,-330.52276611328125
367.527099609375,-331.31536865234375
366.8551025390625,-332.1033935546875
366.177734375,-332.8868103027344
365.49505615234375,-333.6656494140625
364.80712890625,-334.4398498535156
364.11395263671875,-335.20928955078125
363.4155578613281,-335.97406005859375
362.71197509765625,-336.7340393066406
362.0032653808594,-337.4892272949219
361.2894287109375,-338.23956298828125
360.5705261230469,-338.985107421875
359.8465270996094,-339.72564697265625
359.1175842285156,-340.4613342285156
358.3836364746094,-341.1919860839844
357.6447448730469,-341.9176940917969
356.9009094238281,-342.6383361816406
356.1521911621094,-343.35394287109375
355.398681640625,-344.0644226074219
354.6403503417969,-344.7697448730469
353.8772277832031,-345.46990966796875
353.1093444824219,-346.1648864746094
352.3368225097656,-346.8546447753906
351.5595703125,-347.5391540527344
350.7777099609375,-348.21832275390625
349.99127197265625,-348.89215087890625
349.20025634765625,-349.5606689453125
348.40472412109375,-350.2237854003906
347.60467529296875,-350.8814392089844
346.80023193359375,-351.5337219238281
345.9913024902344,-352.1804504394531
345.1780700683594,-352.82171630859375
344.3604736328125,-353.45745849609375
343.53857421875,-354.08758544921875
342.7124328613281,-354.712158203125
341.88201904296875,-355.3310546875
341.0474853515625,-355.9443359375
340.208740234375,-356.5518798828125
339.3659362792969,-357.15374755859375
338.51904296875,-357.7498779296875
337.6681213378906,-358.34027099609375
336.8132019042969,-358.9248352050781
335.9543151855469,-359.5035705566406
335.091552734375,-360.07647705078125
334.22491455078125,-360.64349365234375
333.35443115234375,-361.20465087890625
332.4801940917969,-361.75982666015625
331.6021728515625,-362.30908203125
330.7204284667969,-362.8523254394531
329.83502197265625,-363.3896179199219
328.9460144042969,-363.92083740234375
328.0533752441406,-364.446044921875
327.1571960449219,-364.9651794433594
326.2575378417969,-365.47821044921875
325.3544006347656,-365.985107421875
324.4478454589844,-366.48583984375
323.5379333496094,-366.98040771484375
322.6246337890625,-367.4687805175781
321.7080383300781,-367.9509582519531
320.7882080078125,-368.4268798828125
319.86517333984375,-368.89654541015625
318.93896484375,-369.3599548339844
318.0096130371094,-369.8170166015625
317.07720947265625,-370.2677917480469
316.1417541503906,-370.71221923828125
315.20330810546875,-371.1502685546875
314.26190185546875,-371.5819396972656
313.31756591796875,-372.0071716308594
312.370361328125,-372.426025390625
311.42034912109375,-372.83843994140625
310.4675598144531,-373.2443542480469
309.5120544433594,-373.643798828125
308.5538330078125,-374.0367736816406
307.59295654296875,-374.4231872558594
306.6294860839844,-374.8030700683594
305.6634521484375,-375.17645263671875
304.6949462890625,-375.543212890625
303.723876953125,-375.9034118652344
302.7504577636719,-376.2569885253906
301.774658203125,-376.60394287109375
300.7965087890625,-376.94427490234375
299.8160705566406,-377.2779541015625
298.8333740234375,-377.60498046875
297.8485107421875,-377.9252624511719
296.8614807128906,-378.2388916015625
295.8722839355469,-378.5458068847656
294.881103515625,-378.84600830078125
293.88787841796875,-379.1394348144531
292.8927307128906,-379.4261169433594
291.8955993652344,-379.7060241699219
290.8966064453125,-379.9791564941406
289.8957824707031,-380.2455139160156
288.8931884765625,-380.50506591796875
287.8887939453125,-380.7577819824219
286.88275146484375,-381.0036926269531
285.87506103515625,-381.24273681640625
284.86578369140625,-381.4749755859375
283.8549499511719,-381.7003479003906
282.8425598144531,-381.9187927246094
281.82879638671875,-382.1303405761719
280.8135070800781,-382.3350830078125
279.7969055175781,-382.5328674316406
278.7790222167969,-382.7237854003906
277.75982666015625,-382.90771484375
276.7393798828125,-383.08477783203125
275.71783447265625,-383.2548828125
274.6950988769531,-383.4180603027344
273.6712646484375,-383.57427978515625
272.64642333984375,-383.72357177734375
271.62060546875,-383.8658447265625
270.59381103515625,-384.0011291503906
269.56610107421875,-384.1294860839844
268.53759765625,-384.2508239746094
267.5082702636719,-384.3652038574219
266.4781799316406,-384.4725341796875
265.4473876953125,-384.57293701171875
264.41595458984375,-384.66632080078125
263.3838806152344,-384.752685546875
262.3512878417969,-384.8320007324219
261.3181457519531,-384.9043273925781
260.2845764160156,-384.9696350097656
259.2505187988281,-385.0279541015625
258.2161560058594,-385.0791931152344
257.1814270019531,-385.1234436035156
256.14642333984375,-385.1606140136719
255.1112060546875,-385.1908264160156
254.07579040527344,-385.2139892578125
253.04025268554688,-385.23004150390625
252.004638671875,-385.2391357421875
250.968994140625,-385.24114990234375
249.94944763183594,-385.2369689941406
248.949462890625,-385.2318115234375
247.94947814941406,-385.2266540527344
246.94949340820312,-385.22149658203125
245.94949340820312,-385.2163391113281
244.9495086669922,-385.211181640625
243.94952392578125,-385.2060241699219
242.9495391845703,-385.2008972167969
241.94955444335938,-385.19573974609375
240.94956970214844,-385.1905822753906
239.9495849609375,-385.1854248046875
238.9495849609375,-385.1802673339844
237.94960021972656,-385.17510986328125
236.94961547851562,-385.1699523925781
235.9496307373047,-385.164794921875
234.94964599609375,-385.1596374511719
233.9496612548828,-385.1545104980469
232.94967651367188,-385.14935302734375
231.94969177246094,-385.1441955566406
230.94969177246094,-385.1390380859375
229.94970703125,-385.1338806152344
228.95767211914062,-385.12939453125
227.96815490722656,-385.12677001953125
226.97865295410156,-385.1261291503906
225.98916625976562,-385.1274719238281
224.9996795654297,-385.13079833984375
224.01019287109375,-385.1360778808594
223.0162353515625,-385.1431884765625
222.01626586914062,-385.1506652832031
221.01629638671875,-385.1581726074219
220.01632690429688,-385.1656799316406
219.016357421875,-385.1731872558594
218.01637268066406,-385.1806945800781
217.0164031982422,-385.1882019042969
216.0164337158203,-385.1957092285156
215.01644897460938,-385.2032165527344
214.0164794921875,-385.2107238769531
213.01651000976562,-385.2182312011719
212.01654052734375,-385.2257385253906
211.01657104492188,-385.2332458496094
210.0166015625,-385.2407531738281
209.01661682128906,-385.2482604980469
208.0166473388672,-385.2557373046875
207.0166778564453,-385.26324462890625
206.01670837402344,-385.270751953125
205.01673889160156,-385.27825927734375
204.0167694091797,-385.2857666015625
203.01678466796875,-385.29327392578125
202.01681518554688,-385.30078125
201.016845703125,-385.30828857421875
200.01687622070312,-385.3157653808594
199.01690673828125,-385.3232727050781
198.01693725585938,-385.3307800292969
197.0169677734375,-385.3382873535156
196.01698303222656,-385.3457946777344
195.0170135498047,-385.3533020019531
194.0170440673828,-385.3608093261719
193.01707458496094,-385.3682861328125
192.01710510253906,-385.37579345703125
191.0171356201172,-385.38330078125
190.01715087890625,-385.3907775878906
189.01718139648438,-385.3982849121094
188.0172119140625,-385.4057922363281
187.01724243164062,-385.4132995605469
186.01727294921875,-385.4208068847656
185.01730346679688,-385.4283142089844
184.017333984375,-385.4358215332031
183.01734924316406,-385.4433288574219
182.02394104003906,-385.451416015625
181.0239715576172,-385.46014404296875
180.02401733398438,-385.4689025878906
179.02406311035156,-385.4776611328125
178.0240936279297,-385.4864196777344
177.0241241455078,-385.4951477050781
176.024169921875,-385.50390625
175.0242156982422,-385.5126647949219
174.0242462158203,-385.52142333984375
173.02427673339844,-385.5301513671875
172.02432250976562,-385.5389099121094
171.0243682861328,-385.54766845703125
170.02439880371094,-385.5564270019531
169.02444458007812,-385.5651550292969
168.02447509765625,-385.57391357421875
167.02452087402344,-385.5826721191406
166.02455139160156,-385.5914306640625
165.02459716796875,-385.60015869140625
164.02462768554688,-385.6089172363281
163.02467346191406,-385.61767578125
162.0247039794922,-385.6264343261719
161.02474975585938,-385.6351623535156
160.00796508789062,-385.6433410644531
158.97520446777344,-385.6461181640625
157.94244384765625,-385.6424865722656
156.90972900390625,-385.63232421875
155.87709045410156,-385.61572265625
154.84458923339844,-385.59271240234375
153.812255859375,-385.5632629394531
152.78009033203125,-385.5273742675781
151.7482147216797,-385.4850769042969
150.7165985107422,-385.4362487792969
149.685302734375,-385.3810729980469
148.6543731689453,-385.31939697265625
147.6238555908203,-385.2513427734375
146.5937957763672,-385.17681884765625
145.564208984375,-385.0958251953125
144.53512573242188,-385.00848388671875
143.5066375732422,-384.91473388671875
142.47874450683594,-384.8144836425781
141.4514923095703,-384.7078552246094
140.42494201660156,-384.5948486328125
139.39910888671875,-384.47540283203125
138.3740234375,-384.3495788574219
137.3497772216797,-384.21734619140625
136.3263397216797,-384.0787353515625
135.30380249023438,-383.9337158203125
134.28219604492188,-383.7823791503906
133.2615509033203,-383.62457275390625
132.24191284179688,-383.46044921875
131.22332763671875,-383.28997802734375
130.20579528808594,-383.1131286621094
129.18942260742188,-382.9299621582031
128.1741943359375,-382.74041748046875
127.16015625,-382.5445861816406
126.14738464355469,-382.3423767089844
125.13587951660156,-382.13385009765625
124.1257095336914,-381.9190673828125
123.11688232421875,-381.6979675292969
122.1094741821289,-381.4705505371094
121.10348510742188,-381.23687744140625
120.09898376464844,-380.99688720703125
119.09600067138672,-380.75067138671875
118.09457397460938,-380.49822998046875
117.09474182128906,-380.2394714355469
116.0965347290039,-379.97454833984375
115.10001373291016,-379.703369140625
114.10519409179688,-379.4259338378906
113.11214447021484,-379.1423645019531
112.1208724975586,-378.85260009765625
111.13142395019531,-378.55657958984375
110.14383697509766,-378.2544250488281
109.15817260742188,-377.9461364746094
108.1744384765625,-377.6316833496094
107.19268798828125,-377.3111267089844
106.21296691894531,-376.984375
105.23529815673828,-376.6515808105469
104.25971984863281,-376.31268310546875
103.28627014160156,-375.9676818847656
102.31500244140625,-375.6165771484375
101.34595489501953,-375.259521484375
100.37913513183594,-374.8963623046875
99.41461181640625,-374.52716064453125
98.4524154663086,-374.1520080566406
97.49256896972656,-373.7707824707031
96.53512573242188,-373.3835754394531
95.58011627197266,-372.990478515625
94.62757873535156,-372.59136962890625
93.67755126953125,-372.18634033203125
92.73007202148438,-371.775390625
91.78517150878906,-371.3585205078125
90.84290313720703,-370.9357604980469
89.90327453613281,-370.50714111328125
88.96635437011719,-370.0726623535156
88.03215026855469,-369.63232421875
87.10072326660156,-369.1861877441406
86.17208862304688,-368.7342529296875
85.24630737304688,-368.27655029296875
84.32339477539062,-367.8130187988281
83.40338897705078,-367.34375
82.48633575439453,-366.8687744140625
81.57225799560547,-366.3880920410156
80.66120910644531,-365.9017028808594
79.7531967163086,-365.40960693359375
78.84828186035156,-364.9118957519531
77.94649505615234,-364.4085388183594
77.04786682128906,-363.8995056152344
76.15243530273438,-363.38494873046875
75.26022338867188,-362.86480712890625
74.37128448486328,-362.3390808105469
73.48563385009766,-361.80780029296875
72.60331726074219,-361.27099609375
71.72438049316406,-360.728759765625
70.84883117675781,-360.1810302734375
69.97672271728516,-359.6278076171875
69.10809326171875,-359.06915283203125
68.24295806884766,-358.5050964355469
67.38135528564453,-357.9356994628906
66.52333068847656,-357.3608703613281
65.66891479492188,-356.7807312011719
64.81813049316406,-356.19525146484375
63.97101593017578,-355.6045227050781
63.12760543823242,-355.00848388671875
62.28792953491211,-354.4071960449219
61.4520263671875,-353.8006591796875
60.61992263793945,-353.18890380859375
59.791656494140625,-352.5719909667969
58.967254638671875,-351.949951171875
58.146751403808594,-351.32275390625
57.33017349243164,-350.6904602050781
56.5175666809082,-350.05303955078125
55.708953857421875,-349.4106140136719
54.90435791015625,-348.7630920410156
54.10382843017578,-348.1106262207031
53.30738067626953,-347.4531555175781
52.515052795410156,-346.79071044921875
51.72687530517578,-346.1233215332031
50.942874908447266,-345.4510803222656
50.16309356689453,-344.7738952636719
49.38754653930664,-344.0918884277344
48.616275787353516,-343.4050598144531
47.849300384521484,-342.7134094238281
47.086666107177734,-342.0169982910156
46.32838821411133,-341.31585693359375
45.574501037597656,-340.6099853515625
44.82502746582031,-339.8994445800781
44.08001708984375,-339.1842346191406
43.339473724365234,-338.4643249511719
42.60344314575195,-337.7398681640625
41.871952056884766,-337.0108337402344
41.145015716552734,-336.2772216796875
40.42267990112305,-335.5390930175781
39.70496368408203,-334.7964782714844
38.99189758300781,-334.0493469238281
38.28350830078125,-333.2978210449219
37.57981491088867,-332.5419006347656
36.880859375,-331.7816162109375
36.18666076660156,-331.0169372558594
35.49725341796875,-330.24798583984375
34.812652587890625,-329.4747314453125
34.13290023803711,-328.69720458984375
33.4580078125,-327.91546630859375
32.78800582885742,-327.1295166015625
32.122920989990234,-326.33941650390625
31.462787628173828,-325.5451965332031
30.8076171875,-324.7468566894531
30.157438278198242,-323.94439697265625
29.512292861938477,-323.137939453125
28.8721866607666,-322.32745361328125
28.23714828491211,-321.51300048828125
27.607213973999023,-320.6946105957031
26.982393264770508,-319.8722839355469
26.36271095275879,-319.04608154296875
25.74821662902832,-318.21600341796875
25.138900756835938,-317.38214111328125
24.534805297851562,-316.5445251464844
23.93593978881836,-315.7030944824219
23.34235382080078,-314.85797119140625
22.754047393798828,-314.0091247558594
22.171051025390625,-313.15667724609375
21.593381881713867,-312.300537109375
21.02107048034668,-311.4408874511719
20.454133987426758,-310.57763671875
19.89258575439453,-309.71087646484375
19.33647346496582,-308.84063720703125
18.78580093383789,-307.9668884277344
18.24059295654297,-307.08978271484375
17.700870513916016,-306.20928955078125
17.166648864746094,-305.3254089355469
16.637958526611328,-304.438232421875
16.11481475830078,-303.5477600097656
15.597232818603516,-302.654052734375
15.085245132446289,-301.7571105957031
14.578868865966797,-300.8570556640625
14.078118324279785,-299.95379638671875
13.583009719848633,-299.04742431640625
13.093572616577148,-298.13800048828125
12.609811782836914,-297.2255554199219
12.131767272949219,-296.31005859375
11.659414291381836,-295.39166259765625
11.192829132080078,-294.4703063964844
10.732011795043945,-293.5460510253906
10.276961326599121,-292.6189270019531
9.827709197998047,-291.6889953613281
9.384272575378418,-290.7563171386719
8.94665241241455,-289.8208312988281
8.514892578125,-288.88262939453125
8.088995933532715,-287.9417724609375
7.668977737426758,-286.9982604980469
7.254853248596191,-286.05218505859375
6.8466386795043945,-285.103515625
6.444364547729492,-284.1523132324219
6.048030853271484,-283.1986083984375
5.657654762268066,-282.24249267578125
5.273250579833984,-281.283935546875
4.894835472106934,-280.322998046875
4.5224409103393555,-279.3597106933594
4.156048774719238,-278.39410400390625
3.7956924438476562,-277.4262390136719
3.4413881301879883,-276.4561462402344
3.093151092529297,-275.48388671875
2.750979423522949,-274.5094299316406
2.41489315032959,-273.5328674316406
2.0849199295043945,-272.55426025390625
1.761061668395996,-271.5735778808594
1.4433183670043945,-270.5909118652344
1.131718635559082,-269.60626220703125
0.8262672424316406,-268.61968994140625
0.5269918441772461,-267.6312561035156
0.23388004302978516,-266.6409606933594
-0.05304145812988281,-265.6488342285156
-0.3337678909301758,-264.65496826171875
-0.6082696914672852,-263.6593322753906
-0.8765792846679688,-262.6620788574219
-1.1386475563049316,-261.6630859375
-1.3944592475891113,-260.6625061035156
-1.6440467834472656,-259.6603698730469
-1.887362003326416,-258.65667724609375
-2.124405860900879,-257.6514587402344
-2.355177879333496,-256.6448059082031
-2.5796613693237305,-255.63674926757812
-2.797842025756836,-254.62730407714844
-3.0097336769104004,-253.6165008544922
-3.2152910232543945,-252.60438537597656
-3.4145450592041016,-251.59103393554688
-3.607463836669922,-250.57643127441406
-3.794048309326172,-249.5606689453125
-3.974280834197998,-248.5437469482422
-4.148179054260254,-247.52572631835938
-4.31571102142334,-246.50665283203125
-4.4768757820129395,-245.48655700683594
-4.631673812866211,-244.46543884277344
-4.7801055908203125,-243.44338989257812
-4.922140121459961,-242.42044067382812
-5.057790756225586,-241.39662170410156
-5.187060356140137,-240.3719940185547
-5.309915542602539,-239.3465576171875
-5.426388740539551,-238.3203582763672
-5.53643274307251,-237.2935028076172
-5.640078544616699,-236.26593017578125
-5.737308979034424,-235.23777770996094
-5.828111171722412,-234.20901489257812
-5.912500381469727,-233.17967224121094
-5.990458965301514,-232.14987182617188
-6.06198787689209,-231.11956787109375
-6.127086639404297,-230.0888671875
-6.185756683349609,-229.05776977539062
-6.237981796264648,-228.02633666992188
-6.28377628326416,-226.99456787109375
-6.323125839233398,-225.9625701904297
-6.3560309410095215,-224.93032836914062
-6.382504940032959,-223.8979034423828
-6.4025187492370605,-222.8653106689453
-6.416102886199951,-221.83267211914062
-6.423225402832031,-220.7999267578125
-6.423918724060059,-219.7671661376953
-6.420133590698242,-218.75946044921875
-6.4162092208862305,-217.7594757080078
-6.412284851074219,-216.7594757080078
-6.408360004425049,-215.75949096679688
-6.404435634613037,-214.75949096679688
-6.400510787963867,-213.75950622558594
-6.3965864181518555,-212.75950622558594
-6.392662048339844,-211.759521484375
-6.388737201690674,-210.759521484375
-6.384812831878662,-209.75953674316406
-6.380887985229492,-208.75953674316406
-6.3769636154174805,-207.75955200195312
-6.373039245605469,-206.75955200195312
-6.369114398956299,-205.7595672607422
-6.365190029144287,-204.7595672607422
-6.361265182495117,-203.75958251953125
-6.3573408126831055,-202.75958251953125
-6.353416442871094,-201.7595977783203
-6.349491596221924,-200.7595977783203
-6.345567226409912,-199.75961303710938
-6.341642379760742,-198.75961303710938
-6.3377180099487305,-197.75962829589844
-6.333793640136719,-196.75962829589844
-6.329869270324707,-195.7596435546875
-6.325944423675537,-194.7596435546875
-6.322019577026367,-193.75965881347656
-6.3180952072143555,-192.75965881347656
-6.314170837402344,-191.75967407226562
-6.310246467590332,-190.75967407226562
-6.306321620941162,-189.7596893310547
-6.302396774291992,-188.7596893310547
-6.2984724044799805,-187.75970458984375
-6.294548034667969,-186.75970458984375
-6.290623664855957,-185.7597198486328
-6.286698818206787,-184.7597198486328
-6.282774448394775,-183.75973510742188
-6.2788496017456055,-182.7597198486328
-6.274925231933594,-181.75973510742188
-6.271000862121582,-180.75973510742188
-6.267076015472412,-179.75975036621094
-6.2631516456604,-178.75975036621094
-6.2592267990112305,-177.75975036621094
-6.255302429199219,-176.759765625
-6.251378059387207,-175.759765625
-6.247453212738037,-174.75978088378906
-6.243528842926025,-173.75978088378906
-6.2396039962768555,-172.75979614257812
-6.235679626464844,-171.75979614257812
-6.231755256652832,-170.7598114013672
-6.227830410003662,-169.7598114013672
-6.22390604019165,-168.75982666015625
-6.2199811935424805,-167.75982666015625
-6.216056823730469,-166.7598419189453
-6.212132453918457,-165.7598419189453
-6.208207607269287,-164.75985717773438
-6.204283237457275,-163.75987243652344
-6.2003583908081055,-162.75987243652344
-6.196434020996094,-161.7598876953125
-6.192509651184082,-160.75991821289062
-6.188584804534912,-159.75991821289062
-6.1846604347229,-158.75991821289062
-6.1807355880737305,-157.7599334716797
-6.176811218261719,-156.75994873046875
-6.172886848449707,-155.75994873046875
-6.168962001800537,-154.75994873046875
-6.165037631988525,-153.7599639892578
-6.1611127853393555,-152.75997924804688
-6.157188415527344,-151.75997924804688
-6.153264045715332,-150.75997924804688
-6.149339199066162,-149.75999450683594
-6.14541482925415,-148.760009765625
-6.1414899826049805,-147.760009765625
-6.137565612792969,-146.760009765625
-6.133641242980957,-145.76002502441406
-6.129716396331787,-144.76004028320312
-6.125792026519775,-143.76004028320312
-6.1218671798706055,-142.76004028320312
-6.117942810058594,-141.7600555419922
-6.114018440246582,-140.76007080078125
-6.110093593597412,-139.76007080078125
-6.1061692237854,-138.76007080078125
-6.1022443771362305,-137.7600860595703
-6.098320007324219,-136.76010131835938
-6.094395637512207,-135.76010131835938
-6.090470790863037,-134.76010131835938
-6.086546421051025,-133.76011657714844
-6.0826215744018555,-132.7601318359375
-6.078697204589844,-131.7601318359375
-6.074772834777832,-130.76014709472656
-6.07084846496582,-129.76014709472656
-6.06692361831665,-128.76016235351562
-6.0629987716674805,-127.7601547241211
-6.059074401855469,-126.76016235351562
-6.055150032043457,-125.76016998291016
-6.051225662231445,-124.76017761230469
-6.047300815582275,-123.76018524169922
-6.0433759689331055,-122.76019287109375
-6.039451599121094,-121.76020050048828
-6.035527229309082,-120.76021575927734
-6.03160285949707,-119.76021575927734
-6.0276780128479,-118.7602310180664
-6.0237531661987305,-117.7602310180664
-6.019828796386719,-116.76024627685547
-6.015904426574707,-115.76024627685547
-6.011980056762695,-114.76026153564453
-6.008055210113525,-113.76026153564453
-6.0041303634643555,-112.7602767944336
-6.000205993652344,-111.7602767944336
-5.996281623840332,-110.76029205322266
-5.99235725402832,-109.76029205322266
-5.98843240737915,-108.76030731201172
-5.9845075607299805,-107.76030731201172
-5.980583190917969,-106.76032257080078
-5.976658821105957,-105.76032257080078
-5.972734451293945,-104.76033782958984
-5.968809604644775,-103.76034545898438
-5.9648847579956055,-102.7603530883789
-5.960960388183594,-101.76036071777344
-5.957036018371582,-100.76036834716797
-5.95311164855957,-99.7603759765625
-5.9491868019104,-98.76038360595703
-5.945262432098389,-97.76038360595703
-5.941337585449219,-96.7603988647461
-5.937413215637207,-95.7603988647461
-5.933488845825195,-94.76041412353516
-5.929563999176025,-93.76041412353516
-5.925639629364014,-92.76042938232422
-5.921714782714844,-91.76042938232422
-5.917790412902832,-90.76044464111328
-5.91386604309082,-89.76044464111328
-5.90994119644165,-88.76045989990234
-5.906016826629639,-87.76045989990234
-5.902091979980469,-86.7604751586914
-5.898167610168457,-85.7604751586914
-5.894243240356445,-84.76049041748047
-5.890318393707275,-83.76049041748047
-5.886394023895264,-82.76050567626953
-5.882469177246094,-81.76050567626953
-5.878544807434082,-80.7605209350586
-5.87462043762207,-79.7605209350586
-5.8706955909729,-78.76053619384766
-5.866771221160889,-77.76053619384766
-5.862846374511719,-76.76055145263672
-5.858922004699707,-75.76055145263672
-5.854997634887695,-74.76056671142578
-5.851072788238525,-73.76056671142578
-5.847148418426514,-72.76058197021484
-5.843223571777344,-71.76058197021484
-5.839299201965332,-70.7605972290039
-5.83537483215332,-69.7605972290039
-5.83144998550415,-68.76061248779297
-5.827525615692139,-67.76061248779297
-5.823600769042969,-66.76062774658203
-5.819676399230957,-65.76062774658203
-5.815752029418945,-64.7606430053711
-5.811827182769775,-63.760650634765625
-5.807902812957764,-62.760658264160156
-5.803977966308594,-61.76066589355469
-5.800053596496582,-60.76067352294922
-5.79612922668457,-59.76068115234375
-5.7922043800354,-58.76068878173828
-5.788280010223389,-57.76069641113281
-5.784355163574219,-56.760704040527344
-5.780430793762207,-55.760711669921875
-5.776506423950195,-54.760719299316406
-5.772582054138184,-53.76072692871094
-5.768657207489014,-52.76073455810547
-5.764732360839844,-51.7607421875
-5.760807991027832,-50.76074981689453
-5.75688362121582,-49.76075744628906
-5.752959251403809,-48.760765075683594
-5.749034404754639,-47.760772705078125
-5.745109558105469,-46.76078414916992
-5.741185188293457,-45.76079177856445
-5.737260818481445,-44.760799407958984
-5.733336448669434,-43.760807037353516
-5.729411602020264,-42.76081466674805
-5.725486755371094,-41.76082229614258
-5.721562385559082,-40.76082992553711
-5.71763801574707,-39.76083755493164
-5.713713645935059,-38.76084518432617
-5.709788799285889,-37.7608528137207
-5.705863952636719,-36.760860443115234
-5.701939582824707,-35.760868072509766
-5.698015213012695,-34.7608757019043
-5.694090843200684,-33.76088333129883
-5.690165996551514,-32.76089096069336
-5.686241149902344,-31.76089859008789
-5.682316780090332,-30.760906219482422
-5.67839241027832,-29.760913848876953
-5.674468040466309,-28.760921478271484
-5.670543193817139,-27.760929107666016
-5.666618347167969,-26.760936737060547
-5.662693977355957,-25.760944366455078
-5.658769607543945,-24.76095199584961
-5.654845237731934,-23.76095962524414
-5.650920391082764,-22.760967254638672
-5.646996021270752,-21.760974884033203
-5.643071174621582,-20.760982513427734
-5.63914680480957,-19.760990142822266
-5.635222434997559,-18.760997772216797
-5.631297588348389,-17.761005401611328
-5.627373218536377,-16.761016845703125
-5.623448371887207,-15.76102352142334
-5.619524002075195,-14.761031150817871
-5.615599632263184,-13.761038780212402
-5.611674785614014,-12.761046409606934
-5.607750415802002,-11.761054039001465
-5.603825569152832,-10.761059761047363
-5.59990119934082,-9.761067390441895
-5.595976829528809,-8.761075019836426
-5.592051982879639,-7.761083126068115
-5.588127613067627,-6.7610907554626465
-5.584202766418457,-5.761098384857178
-5.580278396606445,-4.761106014251709
-5.576354026794434,-3.761115312576294
-5.572429180145264,-2.761122941970825
-5.568504810333252,-1.761130690574646
-5.564579963684082,-0.761138379573822
-5.56065559387207,0.23885402083396912
-5.556731224060059,1.2388464212417603
-5.552806377410889,2.2388389110565186
-5.548882007598877,3.2388312816619873
-5.544957160949707,4.238823413848877
-5.541032791137695,5.238815784454346
-5.537108421325684,6.2388081550598145
-5.533183574676514,7.238800525665283
-5.529259204864502,8.23879337310791
-5.525334358215332,9.238785743713379
-5.52140998840332,10.238778114318848
-5.517485618591309,11.238770484924316
-5.513561248779297,12.238762855529785
-5.509636402130127,13.238755226135254
-5.505711555480957,14.238747596740723
-5.501787185668945,15.238739967346191
-5.497862815856934,16.238731384277344
-5.493938446044922,17.238723754882812
-5.490013599395752,18.23871612548828
-5.486088752746582,19.23870849609375
-5.48216438293457,20.23870086669922
-5.47772216796875,21.244583129882812
-5.4726762771606445,22.244571685791016
-5.467629432678223,23.24456024169922
-5.462583541870117,24.244544982910156
-5.4575371742248535,25.24453353881836
-5.45249080657959,26.244522094726562
-5.447444915771484,27.2445068359375
-5.442398548126221,28.244495391845703
-5.437352180480957,29.244483947753906
-5.432306289672852,30.244468688964844
-5.42725944519043,31.244457244873047
-5.422213554382324,32.244441986083984
-5.4171671867370605,33.24443054199219
-5.412120819091797,34.24441909790039
-5.407074928283691,35.24440383911133
-5.4020280838012695,36.24439239501953
-5.396982192993164,37.244380950927734
-5.3919358253479,38.24436569213867
-5.386889457702637,39.244354248046875
-5.381843566894531,40.24434280395508
-5.376797199249268,41.244327545166016
-5.371750831604004,42.24431610107422
-5.366704940795898,43.24430465698242
-5.361658096313477,44.24428939819336
-5.356612205505371,45.24427795410156
-5.351565837860107,46.244266510009766
-5.346519470214844,47.2442512512207
-5.341473579406738,48.244239807128906
-5.336426734924316,49.24422836303711
-5.331380844116211,50.24421310424805
-5.326334476470947,51.24420166015625
-5.321288108825684,52.24419021606445
-5.316242218017578,53.24417495727539
-5.3111958503723145,54.244163513183594
-5.306149482727051,55.2441520690918
-5.301103591918945,56.244136810302734
-5.296056747436523,57.24412536621094
-5.291010856628418,58.24411392211914
-5.285964488983154,59.24409866333008
-5.280918121337891,60.24408721923828
-5.275872230529785,61.244075775146484
-5.2708258628845215,62.24406051635742
-5.265779495239258,63.244049072265625
-5.260733127593994,64.24403381347656
-5.2556867599487305,65.2440185546875
-5.250640869140625,66.24400329589844
-5.245594501495361,67.24398803710938
-5.240548133850098,68.24397277832031
-5.235502243041992,69.24397277832031
-5.23045539855957,70.24395751953125
-5.225409507751465,71.24394226074219
-5.220363140106201,72.24393463134766
-5.2153167724609375,73.2439193725586
-5.210270881652832,74.24390411376953
-5.205224514007568,75.243896484375
-5.200178146362305,76.24388122558594
-5.195131778717041,77.24386596679688
-5.190085411071777,78.24385070800781
-5.185039520263672,79.24384307861328
-5.179993152618408,80.24383544921875
-5.1749467849731445,81.24382019042969
-5.169900894165039,82.24380493164062
-5.164854049682617,83.24378967285156
-5.159808158874512,84.2437744140625
-5.154761791229248,85.24376678466797
-5.149715423583984,86.24375915527344
-5.144669532775879,87.24374389648438
-5.139623165130615,88.24372863769531
-5.134576797485352,89.24371337890625
-5.129530429840088,90.24369812011719
-5.124484062194824,91.24369049072266
-5.119438171386719,92.24368286132812
-5.114391803741455,93.24366760253906
-5.109345436096191,94.24365234375
-5.104299545288086,95.24363708496094
-5.099252700805664,96.24362182617188
-5.094206809997559,97.24361419677734
-5.089160442352295,98.24360656738281
-5.084114074707031,99.24359130859375
-5.079068183898926,100.24357604980469
-5.074021816253662,101.24356079101562
-5.068975448608398,102.24354553222656
-5.063929557800293,103.24353790283203
-5.058882713317871,104.2435302734375
-5.053836822509766,105.24351501464844
-5.048790454864502,106.24349975585938
-5.043744087219238,107.24348449707031
-5.038698196411133,108.24346923828125
-5.033651351928711,109.24346160888672
-5.0286054611206055,110.24344635009766
-5.023559093475342,111.24343872070312
-5.018512725830078,112.24342346191406
-5.013466835021973,113.243408203125
-5.008420467376709,114.24339294433594
-5.003374099731445,115.2433853149414
-4.99832820892334,116.24337005615234
-4.993281364440918,117.24336242675781
-4.9882354736328125,118.24334716796875
-4.983189105987549,119.24333190917969
-4.978142738342285,120.24331665039062
-4.97309684753418,121.2433090209961
-4.968050479888916,122.24329376220703
-4.963004112243652,123.2432861328125
-4.957957744598389,124.24327087402344
-4.952911376953125,125.24325561523438
-4.9478654861450195,126.24324035644531
-4.942819118499756,127.24323272705078
-4.937772750854492,128.2432403564453
-4.932726860046387,129.24322509765625
-4.927680015563965,130.2432098388672
-4.922634124755859,131.24319458007812
-4.917587757110596,132.24317932128906
-4.912541389465332,133.2431640625
-4.907495498657227,134.2431640625
-4.902449131011963,135.24314880371094
-4.897402763366699,136.24313354492188
-4.8923563957214355,137.2431182861328
-4.887310028076172,138.24310302734375
-4.882264137268066,139.2430877685547
-4.877217769622803,140.2430877685547
-4.872171401977539,141.24307250976562
-4.867125511169434,142.24305725097656
-4.862078666687012,143.2430419921875
-4.857032775878906,144.24302673339844
-4.851986408233643,145.24301147460938
-4.846940040588379,146.2429962158203
-4.841894149780273,147.2429962158203
-4.83684778213501,148.2429656982422
-4.831801414489746,149.2429656982422
-4.826755523681641,150.24295043945312
-4.821708679199219,151.24293518066406
-4.816662788391113,152.24293518066406
-4.81161642074585,153.24290466308594
-4.806570053100586,154.24290466308594
-4.8015241622924805,155.24288940429688
-4.796477317810059,156.2428741455078
-4.791431427001953,157.24285888671875
-4.7863850593566895,158.2428436279297
-4.781338691711426,159.2428436279297
-4.77629280090332,160.24281311035156
-4.771246433258057,161.24281311035156
-4.766200065612793,162.2427978515625
-4.7611541748046875,163.24278259277344
-4.756107330322266,164.24276733398438
-4.75106143951416,165.2427520751953
-4.7460150718688965,166.2427520751953
-4.740968704223633,167.24273681640625
-4.735922813415527,168.2427215576172
-4.730876445770264,169.24270629882812
-4.725830078125,170.24269104003906
-4.720783710479736,171.24269104003906
-4.715737342834473,172.24266052246094
-4.710691452026367,173.24266052246094
-4.7056450843811035,174.24264526367188
-4.70059871673584,175.2426300048828
-4.695552349090576,176.24261474609375
-4.690506458282471,177.2425994873047
-4.685460090637207,178.2425994873047
-4.680413722991943,179.24258422851562
-4.67536735534668,180.24256896972656
-4.670321464538574,181.2425537109375
-4.6652750968933105,182.24253845214844
-4.660228729248047,183.24253845214844
-4.655182361602783,184.2425079345703
-4.6501359939575195,185.2425079345703
-4.645090103149414,186.24249267578125
-4.64004373550415,187.2424774169922
-4.634997367858887,188.24246215820312
-4.629951000213623,189.24244689941406
-4.624905109405518,190.24244689941406
-4.619858741760254,191.242431640625
-4.61481237411499,192.24241638183594
-4.609766006469727,193.24240112304688
-4.604720115661621,194.2423858642578
-4.599673748016357,195.24237060546875
-4.594627380371094,196.24237060546875
-4.58958101272583,197.2423553466797
-4.584534645080566,198.24234008789062
-4.579488754272461,199.24232482910156
-4.574442386627197,200.2423095703125
-4.569396018981934,201.24229431152344
-4.564350128173828,202.24229431152344
-4.5593037605285645,203.24227905273438
-4.554257392883301,204.2422637939453
-4.549211025238037,205.24224853515625
-4.544164657592773,206.2422332763672
-4.539118766784668,207.24221801757812
-4.534072399139404,208.24221801757812
-4.529026031494141,209.24220275878906
-4.523979663848877,210.2421875
-4.518933296203613,211.24217224121094
-4.513887405395508,212.24215698242188
-4.508841037750244,213.2421417236328
-4.5037946701049805,214.2421417236328
-4.498748779296875,215.24212646484375
-4.493702411651611,216.2421112060547
-4.488656044006348,217.24209594726562
-4.483609676361084,218.24208068847656
-4.47856330871582,219.2420654296875
-4.473750114440918,220.2346649169922
-4.47265100479126,221.208251953125
-4.476454734802246,222.18185424804688
-4.485159397125244,223.15542602539062
-4.498752593994141,224.12892150878906
-4.517233848571777,225.10235595703125
-4.540616989135742,226.07566833496094
-4.568902969360352,227.04885864257812
-4.602077007293701,228.02188110351562
-4.640137672424316,228.9947509765625
-4.683086395263672,229.96739196777344
-4.730937957763672,230.93983459472656
-4.783661365509033,231.9119873046875
-4.841288089752197,232.88389587402344
-4.903786659240723,233.85549926757812
-4.971188068389893,234.8267364501953
-5.043462753295898,235.79766845703125
-5.120610237121582,236.7681884765625
-5.202644348144531,237.73834228515625
-5.289551734924316,238.70803833007812
-5.381346702575684,239.67730712890625
-5.477999687194824,240.6461181640625
-5.579526424407959,241.61439514160156
-5.685924530029297,242.58218383789062
-5.797196388244629,243.54937744140625
-5.9133100509643555,244.51605224609375
-6.034296989440918,245.48208618164062
-6.160126686096191,246.44754028320312
-6.290831089019775,247.41232299804688
-6.426361560821533,248.37644958496094
-6.566750526428223,249.33985900878906
-6.711982727050781,250.3025665283203
-6.8620429039001465,251.26454162597656
-7.016946315765381,252.2257537841797
-7.176692962646484,253.18614196777344
-7.341252326965332,254.14573669433594
-7.510641098022461,255.10450744628906
-7.684841632843018,256.0623779296875
-7.863856315612793,257.0193786621094
-8.047683715820312,257.9754943847656
-8.236310005187988,258.9306335449219
-8.429750442504883,259.8847961425781
-8.627973556518555,260.8380126953125
-8.830995559692383,261.79022216796875
-9.038801193237305,262.7413635253906
-9.251375198364258,263.6914978027344
-9.468732833862305,264.6405334472656
-9.690875053405762,265.58843994140625
-9.917755126953125,266.5352478027344
-10.149404525756836,267.48089599609375
-10.385807991027832,268.4253234863281
-10.62695026397705,269.36859130859375
-10.872846603393555,270.3106384277344
-11.123467445373535,271.2514343261719
-11.37881088256836,272.19097900390625
-11.638879776000977,273.1291809082031
-11.903657913208008,274.0660705566406
-12.173160552978516,275.00164794921875
-12.447342872619629,275.93585205078125
-12.726234436035156,276.8686218261719
-13.009805679321289,277.8000183105469
-13.298055648803711,278.72998046875
-13.590986251831055,279.658447265625
-13.888566970825195,280.5854797363281
-14.190811157226562,281.5109558105469
-14.497720718383789,282.4349365234375
-14.80925178527832,283.3573303222656
-15.125431060791016,284.27813720703125
-15.446231842041016,285.1974182128906
-15.771636962890625,286.114990234375
-16.101661682128906,287.0309753417969
-16.436294555664062,287.94525146484375
-16.775514602661133,288.85784912109375
-17.119327545166016,289.7687072753906
-17.46769905090332,290.6778869628906
-17.820648193359375,291.585205078125
-18.178157806396484,292.4908447265625
-18.540210723876953,293.3946228027344
-18.906814575195312,294.2965393066406
-19.277931213378906,295.1966247558594
-19.65357780456543,296.0948181152344
-20.033742904663086,296.99114990234375
-20.418394088745117,297.88555908203125
-20.80756187438965,298.77801513671875
-21.20118522644043,299.6684875488281
-21.59929656982422,300.55694580078125
-22.001863479614258,301.44342041015625
-22.40888786315918,302.327880859375
-22.820354461669922,303.21026611328125
-23.236248016357422,304.0905456542969
-23.65656852722168,304.9687194824219
-24.081300735473633,305.8448181152344
-24.51043128967285,306.7187805175781
-24.94394302368164,307.59051513671875
-25.381837844848633,308.4600524902344
-25.824100494384766,309.3274230957031
-26.270715713500977,310.19256591796875
-26.721683502197266,311.055419921875
-27.17697525024414,311.9159851074219
-27.6365909576416,312.7742919921875
-28.10051155090332,313.6302490234375
-28.568744659423828,314.4838562011719
-29.0412540435791,315.33514404296875
-29.518024444580078,316.1839904785156
-29.99907684326172,317.0304260253906
-30.484376907348633,317.8744812011719
-30.973913192749023,318.7160339355469
-31.467666625976562,319.55517578125
-31.96563720703125,320.39178466796875
-32.46781539916992,321.22589111328125
-32.97418212890625,322.0574035644531
-33.48470687866211,322.8864440917969
-33.99940490722656,323.7128601074219
-34.518253326416016,324.53668212890625
-35.04124450683594,325.35791015625
-35.5683479309082,326.1764831542969
-36.099552154541016,326.99237060546875
-36.63487243652344,327.80560302734375
-37.17426681518555,328.6161193847656
-37.71772766113281,329.4239501953125
-38.26524353027344,330.22900390625
-38.816802978515625,331.03131103515625
-39.37238311767578,331.830810546875
-39.93198013305664,332.6275329589844
-40.49557113647461,333.4214172363281
-41.06315994262695,334.21246337890625
-41.63471221923828,335.0006408691406
-42.21022033691406,335.7859191894531
-42.7896614074707,336.5683288574219
-43.373043060302734,337.3477783203125
-43.9603271484375,338.12432861328125
-44.5515251159668,338.89788818359375
-45.146575927734375,339.6684875488281
-45.745513916015625,340.43603515625
-46.34831237792969,341.2005920410156
-46.95492172241211,341.9621276855469
-47.565372467041016,342.7205505371094
-48.179622650146484,343.4759826660156
-48.79766082763672,344.22821044921875
-49.41948699951172,344.9774169921875
-50.04505920410156,345.72344970703125
-50.67436981201172,346.46630859375
-51.30741500854492,347.2060241699219
-51.94417190551758,347.9425048828125
-52.58462905883789,348.6758117675781
-53.22875213623047,349.4058532714844
-53.876548767089844,350.1326904296875
-54.52799987792969,350.856201171875
-55.18305969238281,351.57647705078125
-55.84174346923828,352.29345703125
-56.504024505615234,353.007080078125
-57.169883728027344,353.7174072265625
-57.83930587768555,354.4243469238281
-58.51228332519531,355.1278991699219
-59.18878173828125,355.82806396484375
-59.868797302246094,356.52484130859375
-60.55229187011719,357.21820068359375
-61.23927688598633,357.9080810546875
-61.929725646972656,358.5945129394531
-62.623619079589844,359.2774353027344
-63.32093048095703,359.9569091796875
-64.02163696289062,360.6328430175781
-64.72575378417969,361.30523681640625
-65.43324279785156,361.97412109375
-66.14407348632812,362.639404296875
-66.85824584960938,363.3011169433594
-67.57572937011719,363.959228515625
-68.29652404785156,364.61370849609375
-69.02059173583984,365.26458740234375
-69.7479248046875,365.9117736816406
-70.478515625,366.5553283691406
-71.21231842041016,367.1951904296875
-71.94932556152344,367.83135986328125
-72.68953704833984,368.46380615234375
-73.43291473388672,369.0924987792969
-74.179443359375,369.7174987792969
-74.9291000366211,370.3387145996094
-75.68187713623047,370.9561767578125
-76.437744140625,371.5697937011719
-77.19669342041016,372.17962646484375
-77.95868682861328,372.7856140136719
-78.72373962402344,373.3878173828125
-79.4917984008789,373.9861145019531
-80.26284790039062,374.58062744140625
-81.0368881225586,375.171142578125
-81.81388854980469,375.7577819824219
-82.59381866455078,376.3405456542969
-83.37667846679688,376.91937255859375
-84.16243743896484,377.4942626953125
-84.95106506347656,378.065185546875
-85.74256134033203,378.6321105957031
-86.53690338134766,379.195068359375
-87.33406829833984,379.7540588378906
-88.13402557373047,380.3089904785156
-88.936767578125,380.8598937988281
-89.74227142333984,381.40673828125
-90.5505142211914,381.9495849609375
-91.3614730834961,382.4883117675781
-92.17512512207031,383.02294921875
-92.99146270751953,383.55352783203125
-93.81045532226562,384.0799865722656
-94.63208770751953,384.6023254394531
-95.45633697509766,385.1205139160156
-96.2831802368164,385.634521484375
-97.11259460449219,386.1444091796875
-97.9445571899414,386.65008544921875
-98.77906036376953,387.151611328125
-99.6160659790039,387.6488952636719
-100.45557403564453,388.1419677734375
-101.29754638671875,388.630859375
-102.1419677734375,389.1154479980469
-102.98880767822266,389.5958251953125
-103.83805847167969,390.0719299316406
-104.689697265625,390.54376220703125
-105.5436782836914,391.0113220214844
-106.40001678466797,391.4745178222656
-107.25867462158203,391.9334716796875
-108.11961364746094,392.3880310058594
-108.98284912109375,392.8383483886719
-109.84832000732422,393.28424072265625
-110.71602630615234,393.725830078125
-111.58595275878906,394.1630554199219
-112.45805358886719,394.5958251953125
-113.33232879638672,395.0242919921875
-114.208740234375,395.44830322265625
-115.0872802734375,395.8678894042969
-115.96791076660156,396.2831115722656
-116.85061645507812,396.69384765625
-117.73538970947266,397.10015869140625
-118.62217712402344,397.50201416015625
-119.51099395751953,397.8994140625
-120.40177917480469,398.2923278808594
-121.2945327758789,398.6807861328125
-122.1892318725586,399.0647277832031
-123.08584594726562,399.4441833496094
-123.98436737060547,399.819091796875
-124.88475036621094,400.189453125
-125.78699493408203,400.5553283691406
-126.6910629272461,400.91668701171875
-127.59693145751953,401.2734680175781
-128.5045928955078,401.62567138671875
-129.41400146484375,401.9733581542969
-130.32516479492188,402.3164367675781
-131.238037109375,402.6548767089844
-132.15257263183594,402.9888000488281
-133.0688018798828,403.31805419921875
-133.98666381835938,403.6427917480469
-134.90615844726562,403.96282958984375
-135.82723999023438,404.27825927734375
-136.74990844726562,404.58905029296875
-137.67413330078125,404.89520263671875
-138.59986877441406,405.1966857910156
-139.527099609375,405.49359130859375
-140.455810546875,405.7857360839844
-141.38601684570312,406.0732727050781
-142.31764221191406,406.3560791015625
-143.25064086914062,406.63421630859375
-144.18505859375,406.9076232910156
-145.120849609375,407.1764221191406
-146.05795288085938,407.4404296875
-146.9963836669922,407.69976806640625
-147.9361114501953,407.9543151855469
-148.87710571289062,408.2041931152344
-149.81935119628906,408.4493408203125
-150.76280212402344,408.689697265625
-151.7074432373047,408.9253845214844
-152.65328979492188,409.1562194824219
-153.60025024414062,409.38238525390625
-154.54835510253906,409.603759765625
-155.49755859375,409.82037353515625
-156.44784545898438,410.03216552734375
-157.39915466308594,410.2392272949219
-158.35153198242188,410.44146728515625
-159.3048858642578,410.6389465332031
-160.2592315673828,410.8315734863281
-161.2145538330078,411.01947021484375
-162.1707763671875,411.2024841308594
-163.12791442871094,411.3807678222656
-164.08595275878906,411.55419921875
-165.0448455810547,411.72283935546875
-166.0045623779297,411.8865966796875
-166.96510314941406,412.04559326171875
-167.92642211914062,412.19970703125
-168.8885040283203,412.3489685058594
-169.85133361816406,412.49346923828125
-170.81488037109375,412.6330871582031
-171.7790985107422,412.7678527832031
-172.74398803710938,412.8977355957031
-173.70953369140625,413.0228576660156
-174.67568969726562,413.1430358886719
-175.64242553710938,413.2583923339844
-176.6097412109375,413.3688659667969
-177.5775909423828,413.4744567871094
-178.5459747314453,413.57525634765625
-179.51483154296875,413.6711120605469
-180.48416137695312,413.7621154785156
-181.45394897460938,413.84820556640625
-182.4241485595703,413.9295349121094
-183.39474487304688,414.0058898925781
-184.36572265625,414.0773620605469
-185.33705139160156,414.14398193359375
-186.30870056152344,414.2057189941406
-187.28062438964844,414.2625427246094
-188.2528533935547,414.3145446777344
-189.22531127929688,414.3616027832031
-190.19798278808594,414.4037170410156
-191.17088317871094,414.4410705566406
-192.14395141601562,414.47344970703125
-193.11715698242188,414.50091552734375
-194.0904998779297,414.52349853515625
-195.06393432617188,414.5412292480469
-196.03744506835938,414.55401611328125
-197.01101684570312,414.5619812011719
-198.00059509277344,414.56591796875
-199.00059509277344,414.5695495605469
-200.00059509277344,414.57318115234375
-201.00059509277344,414.5768127441406
-202.00057983398438,414.5804443359375
-203.0005645751953,414.5840759277344
-204.0005645751953,414.58770751953125
-205.0005645751953,414.5913391113281
-206.00054931640625,414.594970703125
-207.00054931640625,414.5986022949219
-208.0005340576172,414.60223388671875
-209.0005340576172,414.6058654785156
-210.0005340576172,414.6094970703125
-211.00051879882812,414.6131286621094
-212.00050354003906,414.61676025390625
-213.00050354003906,414.62042236328125
-214.00050354003906,414.6240539550781
-215.00050354003906,414.627685546875
-216.00048828125,414.6313171386719
-217.00047302246094,414.63494873046875
-218.00047302246094,414.6385803222656
-219.00047302246094,414.6422119140625
-220.00045776367188,414.6458435058594
-221.0004425048828,414.64947509765625
-222.0004425048828,414.6531066894531
-223.0004425048828,414.65673828125
-224.0004425048828,414.6603698730469
-225.00042724609375,414.66400146484375
-226.0004119873047,414.6676330566406
-227.0004119873047,414.6712951660156
-228.0004119873047,414.6749267578125
-229.0004119873047,414.6785583496094
-230.00039672851562,414.68218994140625
-231.00038146972656,414.6858215332031
-232.00038146972656,414.689453125
-233.00038146972656,414.6930847167969
-234.0003662109375,414.69671630859375
-235.00035095214844,414.7003479003906
-236.00035095214844,414.7039794921875
-237.00035095214844,414.7076110839844
-238.00035095214844,414.71124267578125
-239.00033569335938,414.7148742675781
-240.0003204345703,414.718505859375
-241.0003204345703,414.7221374511719
-242.0003204345703,414.7257995605469
-243.00030517578125,414.72943115234375
-244.00030517578125,414.7330627441406
-245.0002899169922,414.7366943359375
-246.0002899169922,414.7403259277344
-247.0002899169922,414.74395751953125
-248.00027465820312,414.7475891113281
-249.00025939941406,414.751220703125
-250.00025939941406,414.7548522949219
-251.00025939941406,414.75848388671875
-252.00025939941406,414.7621154785156
-253.000244140625,414.7657470703125
-254.00022888183594,414.7693786621094
-255.00022888183594,414.77301025390625
-256.0002136230469,414.77667236328125
-257.0002136230469,414.7803039550781
-258.00018310546875,414.783935546875
-259.00018310546875,414.7875671386719
-260.00018310546875,414.79119873046875
-261.00018310546875,414.7948303222656
-262.0001525878906,414.7984619140625
-263.0001525878906,414.8020935058594
-264.0001525878906,414.80572509765625
-265.0001525878906,414.8093566894531
-266.0001525878906,414.81298828125
-267.0001220703125,414.8166198730469
-268.0001220703125,414.82025146484375
-269.0001220703125,414.8238830566406
-270.0001220703125,414.8275451660156
-271.0000915527344,414.8311767578125
-272.0000915527344,414.8348083496094
-273.0000915527344,414.83843994140625
-274.0000915527344,414.8420715332031
-275.0000915527344,414.845703125
-276.0000915527344,414.8493347167969
-277.00006103515625,414.85296630859375
-278.00006103515625,414.8565979003906
-279.00006103515625,414.8602294921875
-280.00006103515625,414.8638610839844
-281.0000305175781,414.86749267578125
-282.0000305175781,414.8711242675781
-283.0000305175781,414.874755859375
-284.0000305175781,414.8783874511719
-285.0000305175781,414.8820495605469
-286.0,414.88568115234375
-287.0,414.8893127441406
-288.0,414.8929443359375
-289.0,414.8965759277344
-289.9999694824219,414.90020751953125
-290.9999694824219,414.9038391113281
-291.9999694824219,414.907470703125
-292.9999694824219,414.9111022949219
-293.9999694824219,414.91473388671875
-294.99993896484375,414.9183654785156
-295.99993896484375,414.9219970703125
-296.99993896484375,414.9256286621094
-297.99993896484375,414.92926025390625
-298.9999084472656,414.93292236328125
-299.9999084472656,414.9365539550781
-300.9999084472656,414.940185546875
-301.9999084472656,414.9438171386719
-302.9999084472656,414.94744873046875
-303.9998779296875,414.9510803222656
-304.9998779296875,414.9547119140625
-305.9998779296875,414.9583435058594
-306.9998779296875,414.96197509765625
-307.9998779296875,414.9656066894531
-308.9998474121094,414.96923828125
-309.9998474121094,414.9728698730469
-310.9998474121094,414.97650146484375
-311.9998474121094,414.9801330566406
-312.99981689453125,414.9837646484375
-313.99981689453125,414.9874267578125
-314.99981689453125,414.9910583496094
-315.99981689453125,414.99468994140625
-316.99981689453125,414.9983215332031
-317.9997863769531,415.001953125
-318.9997863769531,415.0055847167969
-319.97381591796875,415.0069885253906
-320.944580078125,415.00299072265625
-321.91534423828125,414.9936218261719
-322.8860168457031,414.97882080078125
-323.85662841796875,414.95867919921875
-324.8270568847656,414.9330749511719
-325.79736328125,414.9021301269531
-326.7674865722656,414.8657531738281
-327.7373352050781,414.8240051269531
-328.7070007324219,414.7768249511719
-329.6763916015625,414.7242736816406
-330.64544677734375,414.6662902832031
-331.6141662597656,414.6029357910156
-332.5825500488281,414.53424072265625
-333.55047607421875,414.4601135253906
-334.5180358886719,414.3805847167969
-335.4850769042969,414.2957458496094
-336.4516906738281,414.2054443359375
-337.417724609375,414.10980224609375
-338.3832702636719,414.00885009765625
-339.34820556640625,413.9024353027344
-340.31256103515625,413.7907409667969
-341.2762756347656,413.6736145019531
-342.2392883300781,413.5511169433594
-343.2016296386719,413.4233093261719
-344.16326904296875,413.2901611328125
-345.12408447265625,413.15167236328125
-346.08416748046875,413.0077819824219
-347.04345703125,412.85858154296875
-348.0018615722656,412.7040100097656
-348.95941162109375,412.5441589355469
-349.9160461425781,412.3789978027344
-350.87176513671875,412.2084655761719
-351.82647705078125,412.03265380859375
-352.78021240234375,411.8515319824219
-353.7329406738281,411.6650695800781
-354.6846008300781,411.4733581542969
-355.63519287109375,411.27630615234375
-356.58465576171875,411.0740051269531
-357.5329895019531,410.8664245605469
-358.4801940917969,410.653564453125
-359.4261779785156,410.4354248046875
-360.3709411621094,410.2120666503906
-361.31439208984375,409.9833984375
-362.256591796875,409.7495422363281
-363.19744873046875,409.5104064941406
-364.13702392578125,409.2660827636719
-365.0751647949219,409.0165100097656
-366.0119323730469,408.7616882324219
-366.947265625,408.50177001953125
-367.881103515625,408.23651123046875
-368.8135070800781,407.9661865234375
-369.744384765625,407.6905517578125
-370.6737060546875,407.40985107421875
-371.60137939453125,407.1239318847656
-372.5275573730469,406.8328857421875
-373.4520568847656,406.53662109375
-374.3748779296875,406.23529052734375
-375.2960510253906,405.9288330078125
-376.2154541015625,405.6172180175781
-377.1331481933594,405.3005065917969
-378.0490417480469,404.97869873046875
-378.963134765625,404.65179443359375
-379.8753967285156,404.31982421875
-380.7857971191406,403.9827880859375
-381.6943054199219,403.64068603515625
-382.60089111328125,403.29351806640625
-383.5055847167969,402.9413146972656
-384.4082336425781,402.58404541015625
-385.3089294433594,402.22186279296875
-386.20758056640625,401.8546142578125
-387.1041564941406,401.4823913574219
-387.9986877441406,401.1051025390625
-388.89105224609375,400.7229309082031
-389.7813415527344,400.3357849121094
-390.6694030761719,399.9437255859375
-391.5552978515625,399.5466613769531
-392.43896484375,399.14471435546875
-393.32037353515625,398.7378845214844
-394.19952392578125,398.32611083984375
-395.07635498046875,397.9094543457031
-395.95086669921875,397.4879455566406
-396.822998046875,397.06158447265625
-397.6927795410156,396.6304016113281
-398.5601501464844,396.1943359375
-399.425048828125,395.75341796875
-400.2874755859375,395.30780029296875
-401.1474304199219,394.8572998046875
-402.0049133300781,394.4020690917969
-402.85980224609375,393.9421081542969
-403.7121276855469,393.477294921875
-404.5617980957031,393.00787353515625
-405.408935546875,392.53363037109375
-406.25335693359375,392.0547180175781
-407.0951232910156,391.57110595703125
-407.9342041015625,391.0828552246094
-408.7704772949219,390.58990478515625
-409.6040954589844,390.09234619140625
-410.4349060058594,389.5901184082031
-411.2628479003906,389.0832824707031
-412.08807373046875,388.57183837890625
-412.91033935546875,388.05584716796875
-413.7297668457031,387.5352783203125
-414.5462646484375,387.0101623535156
-415.3598327636719,386.4804992675781
-416.1704406738281,385.9463195800781
-416.97808837890625,385.40765380859375
-417.7826843261719,384.8644714355469
-418.5842590332031,384.3168640136719
-419.3828125,383.7647705078125
-420.1782531738281,383.208251953125
-420.9705810546875,382.6473388671875
-421.7597961425781,382.0820007324219
-422.54583740234375,381.5122985839844
-423.3287048339844,380.9382019042969
-424.1083679199219,380.35980224609375
-424.8847961425781,379.77703857421875
-425.657958984375,379.19000244140625
-426.4278869628906,378.5986328125
-427.1944580078125,378.0030212402344
-427.9577331542969,377.40313720703125
-428.7176513671875,376.79901123046875
-429.4742126464844,376.190673828125
-430.22735595703125,375.5781555175781
-430.9770812988281,374.9613952636719
-431.7233581542969,374.340576171875
-432.4662170410156,373.7155456542969
-433.2055358886719,373.0863952636719
-433.9413757324219,372.4531555175781
-434.67364501953125,371.8158264160156
-435.4023742675781,371.1744689941406
-436.1275634765625,370.52899169921875
-436.8490905761719,369.8795471191406
-437.5670471191406,369.22607421875
-438.28131103515625,368.5686340332031
-438.991943359375,367.9072265625
-439.6988525390625,367.24188232421875
-440.4020690917969,366.57257080078125
-441.1015319824219,365.8994140625
-441.7972717285156,365.22235107421875
-442.48919677734375,364.54144287109375
-443.1773681640625,363.8566589355469
-443.8616943359375,363.1680908203125
-444.5421447753906,362.4757385253906
-445.21881103515625,361.7795715332031
-445.8915100097656,361.0796813964844
-446.5603332519531,360.3760681152344
-447.22528076171875,359.668701171875
-447.8862609863281,358.9576721191406
-448.54327392578125,358.24298095703125
-449.1962890625,357.524658203125
-449.8452453613281,356.80267333984375
-450.4902648925781,356.0771179199219
-451.13116455078125,355.3479919433594
-451.76806640625,354.61529541015625
-452.40081787109375,353.8790588378906
-453.02947998046875,353.1393737792969
-453.6540832519531,352.3961181640625
-454.27447509765625,351.6494445800781
-454.8907165527344,350.8993225097656
-455.5028076171875,350.1457824707031
-456.1106262207031,349.38885498046875
-456.71429443359375,348.6285400390625
-457.3136901855469,347.8648986816406
-457.9088439941406,347.0979309082031
-458.49969482421875,346.32769775390625
-459.0863037109375,345.5541687011719
-459.66851806640625,344.77734375
-460.2464599609375,343.9972839355469
-460.8200378417969,343.2140808105469
-461.3892517089844,342.42767333984375
-461.9541015625,341.6381530761719
-462.5145263671875,340.845458984375
-463.070556640625,340.0496520996094
-463.62213134765625,339.2507629394531
-464.16925048828125,338.4488525390625
-464.7119140625,337.6438903808594
-465.2501220703125,336.8359375
-465.78375244140625,336.02496337890625
-466.3128967285156,335.2110900878906
-466.8374938964844,334.39422607421875
-467.3575744628906,333.574462890625
-467.873046875,332.7518615722656
-468.38397216796875,331.9263610839844
-468.8902893066406,331.09808349609375
-469.3919677734375,330.2669982910156
-469.8890380859375,329.43310546875
-470.3814392089844,328.5964660644531
-470.86920166015625,327.757080078125
-471.352294921875,326.9150085449219
-471.83062744140625,326.0702819824219
-472.3043212890625,325.2228698730469
-472.7732849121094,324.37286376953125
-473.23748779296875,323.520263671875
-473.69696044921875,322.66510009765625
-474.15167236328125,321.8073425292969
-474.6015625,320.9471435546875
-475.0467224121094,320.08441162109375
-475.4870300292969,319.2192077636719
-475.92254638671875,318.3515930175781
-476.3532409667969,317.4815673828125
-476.779052734375,316.609130859375
-477.2000427246094,315.7343444824219
-477.6161193847656,314.85723876953125
-478.0273132324219,313.97784423828125
-478.4336242675781,313.09619140625
-478.83502197265625,312.2122497558594
-479.23150634765625,311.32611083984375
-479.623046875,310.43780517578125
-480.0096130371094,309.5472717285156
-480.3912658691406,308.6546630859375
-480.7679138183594,307.7599182128906
-481.13958740234375,306.8630676269531
-481.5062561035156,305.9642028808594
-481.8679504394531,305.06329345703125
-482.2245788574219,304.160400390625
-482.57623291015625,303.2555236816406
-482.9228210449219,302.34869384765625
-483.2643737792969,301.4399719238281
-483.6008605957031,300.5293884277344
-483.9322509765625,299.61688232421875
-484.258544921875,298.70257568359375
-484.5798034667969,297.7864685058594
-484.89593505859375,296.86859130859375
-485.2069396972656,295.9489440917969
-485.51287841796875,295.02764892578125
-485.8136291503906,294.1046142578125
-486.1092224121094,293.1799621582031
-486.3997497558594,292.2536315917969
-486.68505859375,291.3257141113281
-486.9652404785156,290.396240234375
-487.2402038574219,289.4651794433594
-487.5100402832031,288.53265380859375
-487.7746276855469,287.59857177734375
-488.0340270996094,286.6631164550781
-488.28826904296875,285.7261962890625
-488.5372314453125,284.787841796875
-488.781005859375,283.8481750488281
-489.0195007324219,282.90716552734375
-489.2527770996094,281.9648132324219
-489.4808349609375,281.02117919921875
-489.7036437988281,280.0763244628906
-489.9211730957031,279.13018798828125
-490.1334228515625,278.1828918457031
-490.34039306640625,277.2344055175781
-490.54217529296875,276.2848205566406
-490.73858642578125,275.3341064453125
-490.9297180175781,274.38232421875
-491.1155700683594,273.4294738769531
-491.29608154296875,272.4755859375
-491.4712829589844,271.5207824707031
-491.6412048339844,270.5649719238281
-491.8057861328125,269.60821533203125
-491.9650573730469,268.6506042480469
-492.1189880371094,267.69207763671875
-492.2676086425781,266.73272705078125
-492.410888671875,265.7725524902344
-492.5487976074219,264.8116149902344
-492.6813659667969,263.84991455078125
-492.8085632324219,262.88751220703125
-492.930419921875,261.92437744140625
-493.0469665527344,260.9606018066406
-493.1580810546875,259.9961853027344
-493.26385498046875,259.03118896484375
-493.3642578125,258.0655822753906
-493.45928955078125,257.0994567871094
-493.5489501953125,256.1328430175781
-493.6331787109375,255.16567993164062
-493.71209716796875,254.19810485839844
-493.78558349609375,253.2301025390625
-493.8537292480469,252.26170349121094
-493.91644287109375,251.29293823242188
-493.9737854003906,250.32383728027344
-494.0257263183594,249.3544464111328
-494.07232666015625,248.384765625
-494.11346435546875,247.4148406982422
-494.1492004394531,246.4447021484375
-494.17962646484375,245.47439575195312
-494.2045593261719,244.50392150878906
-494.2241516113281,243.53330993652344
-494.23834228515625,242.56263732910156
-494.24713134765625,241.5918731689453
-494.2507019042969,240.6124725341797
-494.2530517578125,239.6124725341797
-494.25537109375,238.6124725341797
-494.2577209472656,237.6124725341797
-494.2600402832031,236.6124725341797
-494.26239013671875,235.61248779296875
-494.26470947265625,234.61248779296875
-494.2670593261719,233.61248779296875
-494.26898193359375,232.6189727783203
-494.2690734863281,231.6294708251953
-494.2672119140625,230.63998413085938
-494.2633361816406,229.65048217773438
-494.25750732421875,228.66099548339844
-494.2496643066406,227.67152404785156
-494.2398986816406,226.6820831298828
-494.2281188964844,225.69265747070312
-494.21435546875,224.7032470703125
-494.1986389160156,223.7138671875
-494.180908203125,222.7245330810547
-494.1612243652344,221.7352294921875
-494.1395568847656,220.74595642089844
-494.11590576171875,219.7567596435547
-494.0903015136719,218.767578125
-494.06268310546875,217.77847290039062
-494.0330505371094,216.78610229492188
-494.0027770996094,215.78656005859375
-493.9725036621094,214.78701782226562
-493.9422607421875,213.7874755859375
-493.9119873046875,212.78793334960938
-493.8817138671875,211.78839111328125
-493.8514404296875,210.78884887695312
-493.8211669921875,209.789306640625
-493.7908935546875,208.78976440429688
-493.7606506347656,207.79022216796875
-493.7303771972656,206.79067993164062
-493.7001037597656,205.7911376953125
-493.6698303222656,204.79159545898438
-493.6395568847656,203.79205322265625
-493.60931396484375,202.79251098632812
-493.57904052734375,201.79296875
-493.54876708984375,200.79342651367188
-493.51849365234375,199.79388427734375
-493.4886779785156,198.78575134277344
-493.4607238769531,197.775634765625
-493.434814453125,196.7654571533203
-493.41094970703125,195.7552490234375
-493.38909912109375,194.7449951171875
-493.3692321777344,193.73468017578125
-493.3514404296875,192.72433471679688
-493.33563232421875,191.71397399902344
-493.32183837890625,190.70355224609375
-493.3100891113281,189.69313049316406
-493.30035400390625,188.68267822265625
-493.2926025390625,187.67221069335938
-493.286376953125,186.6701202392578
-493.2801208496094,185.67013549804688
-493.2738952636719,184.670166015625
-493.26763916015625,183.67018127441406
-493.26141357421875,182.67019653320312
-493.2551574707031,181.67022705078125
-493.2489318847656,180.6702423095703
-493.2427062988281,179.67025756835938
-493.2364501953125,178.67027282714844
-493.230224609375,177.67030334472656
-493.2239685058594,176.6696319580078
-493.2177429199219,175.66966247558594
-493.21148681640625,174.66966247558594
-493.20526123046875,173.66969299316406
-493.1990051269531,172.66970825195312
-493.1927795410156,171.6697235107422
-493.1865234375,170.6697540283203
-493.1802978515625,169.66976928710938
-493.174072265625,168.66978454589844
-493.1678161621094,167.66981506347656
-493.1615905761719,166.66983032226562
-493.15533447265625,165.6698455810547
-493.14910888671875,164.6698760986328
-493.1428527832031,163.6698760986328
-493.1366271972656,162.66990661621094
-493.13037109375,161.66993713378906
-493.1241455078125,160.66993713378906
-493.1178894042969,159.6699676513672
-493.1116638183594,158.66998291015625
-493.10540771484375,157.6699981689453
-493.09918212890625,156.67002868652344
-493.0929260253906,155.6700439453125
-493.0867004394531,154.67005920410156
-493.0804748535156,153.6700897216797
-493.07421875,152.67010498046875
-493.0679931640625,151.6701202392578
-493.0617370605469,150.67013549804688
-493.0555114746094,149.67015075683594
-493.04925537109375,148.67018127441406
-493.04302978515625,147.67019653320312
-493.0367736816406,146.6702117919922
-493.0305480957031,145.6702423095703
-493.0242919921875,144.67025756835938
-493.01806640625,143.67027282714844
-493.0118103027344,142.67030334472656
-493.0055847167969,141.67031860351562
-492.99932861328125,140.6703338623047
-492.99310302734375,139.67034912109375
-492.98687744140625,138.6703643798828
-492.9806213378906,137.67039489746094
-492.9743957519531,136.67041015625
-492.9681396484375,135.67042541503906
-492.9619140625,134.6704559326172
-492.9556579589844,133.67047119140625
-492.9494323730469,132.6704864501953
-492.94317626953125,131.67051696777344
-492.93695068359375,130.6705322265625
-492.9306945800781,129.67054748535156
-492.9244689941406,128.6705780029297
-492.918212890625,127.67058563232422
-492.9119873046875,126.67060089111328
-492.9057312011719,125.67061614990234
-492.8995056152344,124.67063903808594
-492.8932800292969,123.67066192626953
-492.88702392578125,122.6706771850586
-492.88079833984375,121.67069244384766
-492.8745422363281,120.67071533203125
-492.8683166503906,119.67073822021484
-492.862060546875,118.6707534790039
-492.8558349609375,117.6707763671875
-492.8495788574219,116.6707992553711
-492.8433532714844,115.67081451416016
-492.83709716796875,114.67082977294922
-492.83087158203125,113.67085266113281
-492.8246154785156,112.6708755493164
-492.8183898925781,111.67089080810547
-492.8121337890625,110.67091369628906
-492.805908203125,109.67092895507812
-492.7996826171875,108.67095184326172
-492.7934265136719,107.67096710205078
-492.7872009277344,106.67098999023438
-492.78094482421875,105.67101287841797
-492.77471923828125,104.67102813720703
-492.7684631347656,103.6710433959961
-492.7622375488281,102.67106628417969
-492.7559814453125,101.67108917236328
-492.749755859375,100.67110443115234
-492.7434997558594,99.67112731933594
-492.7372741699219,98.671142578125
-492.73101806640625,97.6711654663086
-492.72479248046875,96.67118072509766
-492.7185363769531,95.67120361328125
-492.707763671875,94.73384094238281
-492.68463134765625,93.80479431152344
-492.6490173339844,92.87615966796875
-492.60089111328125,91.94808197021484
-492.540283203125,91.02073669433594
-492.4671630859375,90.09429168701172
-492.3816223144531,89.16891479492188
-492.2836608886719,88.24476623535156
-492.1731872558594,87.32203674316406
-492.05035400390625,86.40086364746094
-491.9151306152344,85.48143005371094
-491.7675476074219,84.56389617919922
-491.60760498046875,83.6484375
-491.43536376953125,82.73522186279297
-491.2508850097656,81.82438659667969
-491.0541076660156,80.9161376953125
-490.84515380859375,80.01060485839844
-490.6240234375,79.10797119140625
-490.3907470703125,78.20840454101562
-490.1454162597656,77.31204223632812
-489.88800048828125,76.4190902709961
-489.6185607910156,75.52965545654297
-489.3372497558594,74.64395141601562
-489.04400634765625,73.76210021972656
-488.7389221191406,72.88427734375
-488.4220886230469,72.01063537597656
-488.0934753417969,71.14134216308594
-487.75323486328125,70.27655792236328
-487.40130615234375,69.41641998291016
-487.03790283203125,68.56110382080078
-486.66302490234375,67.71076202392578
-486.2767028808594,66.86553955078125
-485.8789978027344,66.02558898925781
-485.4701232910156,65.19107055664062
-485.0499572753906,64.36212921142578
-484.6187438964844,63.538917541503906
-484.17645263671875,62.721588134765625
-483.72320556640625,61.91028594970703
-483.25909423828125,61.10515594482422
-482.7841491699219,60.30635070800781
-482.2985534667969,59.514007568359375
-481.80230712890625,58.728271484375
-481.2955017089844,57.94928741455078
-480.7782897949219,57.17719268798828
-480.250732421875,56.412132263183594
-479.712890625,55.65424346923828
-479.1649475097656,54.90365982055664
-478.6069030761719,54.1605224609375
-478.0389709472656,53.42496109008789
-477.4611511230469,52.697113037109375
-476.8735656738281,51.97711181640625
-476.2763671875,51.26508331298828
-475.66961669921875,50.561153411865234
-475.0534362792969,49.865455627441406
-474.427978515625,49.17811584472656
-473.7933349609375,48.49925994873047
-473.14959716796875,47.82900619506836
-472.49688720703125,47.167476654052734
-471.8352966308594,46.51478958129883
-471.1650695800781,45.871070861816406
-470.4861755371094,45.23643112182617
-469.7987976074219,44.61098861694336
-469.1031188964844,43.99485397338867
-468.3991394042969,43.38813781738281
-467.68707275390625,42.79095458984375
-466.967041015625,42.20341110229492
-466.23919677734375,41.6256103515625
-465.50360107421875,41.05765914916992
-464.7604675292969,40.499656677246094
-464.0098876953125,39.95171356201172
-463.251953125,39.41392135620117
-462.48687744140625,38.886383056640625
-461.7147521972656,38.36918640136719
-460.9357604980469,37.8624267578125
-460.1500244140625,37.36620330810547
-459.357666015625,36.88059997558594
-458.558837890625,36.40570831298828
-457.7536926269531,35.94160842895508
-456.9423828125,35.48838424682617
-456.12506103515625,35.0461311340332
-455.3017883300781,34.61491775512695
-454.47283935546875,34.194820404052734
-453.6383361816406,33.785919189453125
-452.7983703613281,33.38828659057617
-451.953125,33.00200271606445
-451.102783203125,32.62712860107422
-450.2474365234375,32.26373291015625
-449.3872985839844,31.911880493164062
-448.52252197265625,31.571640014648438
-447.6531982421875,31.243072509765625
-446.779541015625,30.926239013671875
-445.9017028808594,30.621187210083008
-445.0198669433594,30.327978134155273
-444.1341247558594,30.046672821044922
-443.24468994140625,29.777307510375977
-442.3517150878906,29.519947052001953
-441.45538330078125,29.274616241455078
-440.5558166503906,29.041383743286133
-439.65313720703125,28.820281982421875
-438.74761962890625,28.611347198486328
-437.83935546875,28.41461181640625
-436.9284973144531,28.230133056640625
-436.0152893066406,28.057924270629883
-435.0998229980469,27.898025512695312
-434.1822814941406,27.750463485717773
-433.26287841796875,27.61526107788086
-432.3416748046875,27.492450714111328
-431.4189453125,27.382049560546875
-430.4947814941406,27.28408432006836
-429.56939697265625,27.19856071472168
-428.6429443359375,27.12549591064453
-427.7156066894531,27.064916610717773
-426.7875061035156,27.016822814941406
-425.8589172363281,26.98122215270996
-424.9298400878906,26.9581298828125
-423.9913024902344,26.947370529174805
-422.9913024902344,26.940940856933594
-421.9913330078125,26.934511184692383
-420.9913635253906,26.928081512451172
-419.99139404296875,26.921649932861328
-418.99139404296875,26.915220260620117
-417.9914245605469,26.908790588378906
-416.991455078125,26.902360916137695
-415.991455078125,26.895931243896484
-414.9914855957031,26.889501571655273
-413.99151611328125,26.88306999206543
-412.99151611328125,26.87664031982422
-411.9915466308594,26.870210647583008
-410.9915771484375,26.863780975341797
-409.9916076660156,26.857351303100586
-408.9916076660156,26.850919723510742
-407.99163818359375,26.84449005126953
-406.9916687011719,26.83806037902832
-405.9916687011719,26.83163070678711
-404.99169921875,26.8252010345459
-403.9917297363281,26.818771362304688
-402.9917297363281,26.812339782714844
-401.99176025390625,26.805910110473633
-400.9917907714844,26.799480438232422
-399.9917907714844,26.79305076599121
-398.9918212890625,26.78662109375
-397.9918518066406,26.780189514160156
-396.9918518066406,26.773759841918945
-395.99188232421875,26.767330169677734
-394.9919128417969,26.760900497436523
-393.9919128417969,26.754470825195312
-392.991943359375,26.7480411529541
-391.9919738769531,26.741609573364258
-390.9919738769531,26.735179901123047
-389.99200439453125,26.728750228881836
-388.9920349121094,26.722320556640625
-387.9920654296875,26.715890884399414
-386.9920654296875,26.709461212158203
-385.9920959472656,26.70302963256836
-384.99212646484375,26.69659996032715
-383.99212646484375,26.690170288085938
-382.9921569824219,26.683740615844727
-381.9921875,26.677310943603516
-380.9921875,26.670879364013672
-379.9922180175781,26.66444969177246
-378.99224853515625,26.65802001953125
-377.99224853515625,26.65159034729004
-376.9922790527344,26.645160675048828
-375.9923095703125,26.638731002807617
-374.9923095703125,26.632299423217773
-373.9923400878906,26.625869750976562
-372.99237060546875,26.61944007873535
-371.99237060546875,26.61301040649414
-370.9924011230469,26.60658073425293
-369.992431640625,26.60015106201172
-368.992431640625,26.593719482421875
-367.9924621582031,26.587289810180664
-366.99249267578125,26.580860137939453
-365.99249267578125,26.574430465698242
-364.9925231933594,26.56800079345703
-363.9925537109375,26.561569213867188
-362.9925537109375,26.555139541625977
-361.9925842285156,26.548709869384766
-360.99261474609375,26.542280197143555
-359.9926452636719,26.535850524902344
-358.9926452636719,26.529420852661133
-357.99267578125,26.52298927307129
-356.99267578125,26.516559600830078
-355.9927062988281,26.510129928588867
-354.9927062988281,26.503700256347656
-353.99273681640625,26.497270584106445
-352.9927673339844,26.4908390045166
-352.0003967285156,26.484981536865234
-351.0108642578125,26.48102569580078
-350.0213928222656,26.479063034057617
-349.0318603515625,26.479061126708984
-348.0335998535156,26.480369567871094
-347.0335998535156,26.48171043395996
-346.0335998535156,26.483051300048828
-345.0335998535156,26.484392166137695
-344.0335998535156,26.485733032226562
-343.0335998535156,26.48707389831543
-342.0335998535156,26.488412857055664
-341.0335998535156,26.48975372314453
-340.0335998535156,26.4910945892334
-339.0335998535156,26.492435455322266
-338.0335998535156,26.493776321411133
-337.0335998535156,26.4951171875
-336.0335998535156,26.496458053588867
-335.03363037109375,26.497798919677734
-334.03363037109375,26.4991397857666
-333.03363037109375,26.50048065185547
-332.03363037109375,26.501821517944336
-331.03363037109375,26.503162384033203
-330.03363037109375,26.50450325012207
-329.03363037109375,26.505844116210938
-328.03363037109375,26.507184982299805
-327.03363037109375,26.508525848388672
-326.03363037109375,26.50986671447754
-325.03363037109375,26.511207580566406
-324.03363037109375,26.512548446655273
-323.03363037109375,26.51388931274414
-322.03363037109375,26.515230178833008
-321.03363037109375,26.516571044921875
-320.03363037109375,26.517911911010742
-319.03363037109375,26.51925277709961
-318.03363037109375,26.520593643188477
-317.03363037109375,26.521934509277344
-316.03363037109375,26.523273468017578
-315.03363037109375,26.524614334106445
-314.03363037109375,26.525955200195312
-313.03363037109375,26.52729606628418
-312.03363037109375,26.528636932373047
-311.03363037109375,26.529977798461914
-310.03363037109375,26.53131866455078
-309.03363037109375,26.53265953063965
-308.03363037109375,26.534000396728516
-307.03363037109375,26.535341262817383
-306.03363037109375,26.53668212890625
-305.03363037109375,26.538022994995117
-304.03363037109375,26.539363861083984
-303.03363037109375,26.54070472717285
-302.03363037109375,26.54204559326172
-301.03363037109375,26.543386459350586
-300.03363037109375,26.544727325439453
-299.03363037109375,26.54606819152832
-298.03363037109375,26.547409057617188
-297.03363037109375,26.548749923706055
-296.03363037109375,26.550090789794922
-295.03363037109375,26.55143165588379
-294.03363037109375,26.552772521972656
-293.03363037109375,26.554113388061523
-292.03363037109375,26.55545425415039
-291.03363037109375,26.556793212890625
-290.03363037109375,26.558134078979492
-289.03363037109375,26.55947494506836
-288.03363037109375,26.560815811157227
-287.03363037109375,26.562156677246094
-286.03363037109375,26.56349754333496
-285.03363037109375,26.564838409423828
-284.0336608886719,26.566179275512695
-283.0336608886719,26.567520141601562
-282.0336608886719,26.56886100769043
-281.0336608886719,26.570201873779297
-280.0336608886719,26.571542739868164
-279.0336608886719,26.57288360595703
-278.0336608886719,26.5742244720459
-277.0336608886719,26.575565338134766
-276.0336608886719,26.576906204223633
-275.0336608886719,26.5782470703125
-274.0336608886719,26.579587936401367
-273.0336608886719,26.580928802490234
-272.0336608886719,26.5822696685791
-271.0336608886719,26.58361053466797
-270.0336608886719,26.584951400756836
-269.0336608886719,26.586292266845703
-268.0336608886719,26.58763313293457
-267.03369140625,26.588973999023438
-266.03369140625,26.590312957763672
-265.03369140625,26.59165382385254
-264.03369140625,26.592994689941406
-263.03369140625,26.594335556030273
-262.03369140625,26.59567642211914
-261.03369140625,26.597017288208008
-260.03369140625,26.598358154296875
-259.03369140625,26.599699020385742
-258.03369140625,26.60103988647461
-257.03369140625,26.602380752563477
-256.03369140625,26.603721618652344
-255.03369140625,26.60506248474121
-254.03369140625,26.606403350830078
-253.03369140625,26.607744216918945
-252.03369140625,26.609085083007812
-251.03369140625,26.61042594909668
-250.03370666503906,26.611766815185547
-249.03370666503906,26.613107681274414
-248.03370666503906,26.61444854736328
-247.03370666503906,26.61578941345215
-246.03370666503906,26.617130279541016
-245.03370666503906,26.618471145629883
-244.03370666503906,26.61981201171875
-243.03370666503906,26.621152877807617
-242.03370666503906,26.622493743896484
-241.03370666503906,26.62383270263672
-240.03370666503906,26.625173568725586
-239.03370666503906,26.626514434814453
-238.03370666503906,26.62785530090332
-237.03370666503906,26.629196166992188
-236.03370666503906,26.630537033081055
-235.03370666503906,26.631877899169922
-234.03370666503906,26.63321876525879
-233.03370666503906,26.634559631347656
-232.03370666503906,26.635900497436523
-231.03370666503906,26.63724136352539
-230.03370666503906,26.638582229614258
-229.03370666503906,26.639923095703125
-228.03372192382812,26.641263961791992
-227.03372192382812,26.64260482788086
-226.03372192382812,26.643945693969727
-225.03372192382812,26.645286560058594
-224.03372192382812,26.64662742614746
-223.03372192382812,26.647968292236328
-222.03372192382812,26.649309158325195
-221.03372192382812,26.650650024414062
-220.0337371826172,26.65199089050293
-219.0337371826172,26.653331756591797
-218.0337371826172,26.654672622680664
-217.0337371826172,26.65601348876953
-216.0337371826172,26.6573543548584
-215.0337371826172,26.658693313598633
-214.0337371826172,26.6600341796875
-213.0337371826172,26.661375045776367
-212.0337371826172,26.662715911865234
-211.0337371826172,26.6640567779541
-210.0337371826172,26.66539764404297
-209.0337371826172,26.666738510131836
